04857310520108060001;
02014246020248060115;
02012420320248060171;
00010072520198060129;
01149736420168060001;
02007958320238060095;
02000693320258060130;
00001609220188060182;
02004651520228060130;
02022234420248060070;
00027043820178060069;
01421558820178060001;
08000027720248060122;
02044065620228060167;
02012907620238060112;
02007043520238060081;
00097138920118060092;
03584294220008060001;
02009492920248060043;
02004562720228060074;
02635535520248060001;
00075947020008060051;
02005238120248060054;
02016075120238060055;
02011170920248060115;
00005241520088060053;
02002893920238060053;
02007377220248060054;
02001132620248060053;
02000244120238060181;
02008141720248060043;
00444645520098060001;
02001493520238060043;
00056894420198060122;
02031290520248060112;
00091684820178060176;
02002168120228060092;
00515552420218060084;
02009705120248060157;
02002316120248060001;
00111144320238060112;
02000792120258060181;
02034690920238060071;
00034438520008060043;
02008752920238060101;
00103394220228060054;
30005434520178060023;
02012692520248060158;
00087203320128060182;
00002281220188060095;
00728321720168060167;
02362013020218060001;
02002810820238060168;
02003234520228060054;
01077449720098060001;
00101353620248060051;
00485311120148060091;
00000704320008060141;
00076793220198060167;
01668244020198060001;
00110217420158060043;
02008891220248060090;
01897834920128060001;
02006011320248060107;
00503506120208060094;
00120003020248060137;
00500812520218060114;
02002443220238060054;
02007421220258060167;
02422952320238060001;
02000321120238060054;
02004226020248060178;
02011640520248060043;
02862220520248060001;
00005625620188060027;
02549685420008060001;
00021708220038060167;
00494717620148060090;
02005821520248060169;
02003037220238060069;
00350890520248060001;
02739181320208060001;
02067571020258060001;
06160432120008060001;
02000117320228060182;
02002433020228060071;
02002842220248060040;
00618471720078060001;
07931064220148060001;
02003622920228060123;
00002875520098060114;
00509433420218060069;
02020377620248060084;
00100323020258060104;
00006788420188060052;
02000248020258060113;
02005794020228060069;
00546718020218060167;
02020021920248060084;
02005020520248060055;
02009720320248060163;
02001540220258060071;
02008893920248060081;
02042645220248060112;
00100672220258060158;
02001738520238060068;
00105073820218060035;
02014656820248060166;
02038790720248060112;
00112070620128060075;
00100280320258060133;
00625793320178060167;
02001554620238060171;
02001009420258060084;
02007060920248060133;
00030297020188060071;
02037194520248060091;
00507876220218060096;
02238188320228060001;
02006520920238060091;
02016483620248060070;
00055876620168060109;
02001639120228060095;
02534294720238060001;
00161416420168060043;
00104150820118060101;
00511796420218060043;
02000732020238060040;
01191749420198060001;
02219039620228060001;
02320329220248060001;
00442965320098060001;
02004837720228060181;
00018873020158060073;
02063251220248060167;
02055612620248060167;
02007833120238060043;
00104637120248060113;
00102846520248060040;
02020965920228060173;
02055096420238060167;
02000459720258060067;
02000854420238060069;
00491173220148060064;
00068522420178060124;
02032779720208060001;
00101245820258060055;
00100617320258060171;
02000836220258060115;
02000669320258060125;
08410487020148060001;
02001287820228060145;
02003325120248060146;
00044275020168060159;
00007397820078060100;
02016014520228060163;
02009692220248060107;
02001426220238060069;
00526807220218060069;
02001118020248060045;
00526738220208060112;
02013378120228060113;
02005407020238060081;
02001783220248060114;
00102941620248060168;
00990314020158060158;
02006983520248060132;
02167115120238060001;
00031323920148060129;
00000180620188060177;
05513735120128060001;
00005786620068060112;
02042540820248060112;
00089819520128060182;
02077045620248060112;
00010584420128060044;
02307185420008060001;
02003044520248060094;
00197678420178060034;
02742755620218060001;
02007704820238060070;
02715450420238060001;
02013410620248060160;
00104709520248060070;
05891976420008060001;
02001184220258060173;
02019842420248060043;
02000394420258060050;
02006764020228060069;
00004205420108060117;
02004119720238060038;
02001136720258060125;
02005487320238060040;
00101751320248060182;
00018282720108060167;
02127711520228060001;
00085914720118060090;
02004094920228060043;
02001409220238060069;
00662048020168060112;
02000975220248060092;
02004750620248060125;
02004372820258060167;
00100554620258060113;
00510365320218060115;
02623011720248060001;
00501290420218060075;
00110104520148060119;
00136432420168060001;
02000570820258060166;
00045305120178060085;
00506410620218060101;
02042710720238060071;
00546735420078060001;
02027872020248060071;
02005561420248060170;
02030996720248060112;
00505049220208060122;
02055007320238060112;
02020562720248060070;
02009651120228060121;
00094954120138060173;
00508336920208060069;
00502749420208060075;
02023592920248060171;
00501588520218060097;
02001016520238060176;
00100070620258060043;
00100155620138060090;
03336606720008060001;
02020392820248060090;
00003554420178060075;
02004916220238060070;
02000935220258060133;
02397349420218060001;
02000445020258060120;
00512117420208060182;
02000283420258060173;
02007622120248060043;
03716968120008060001;
00031805820148060109;
02001643720258060171;
00514214720218060035;
03182410720008060001;
02004453320248060169;
00391139620128060001;
02000347320258060130;
02005615020238060112;
02673434720248060001;
02000110220258060107;
00100949320258060064;
02002194820248060130;
00500638720208060130;
00075144820128060096;
00100322620258060170;
01521227520088060001;
00006422320178060199;
02003217020258060151;
00131251920258060001;
02000067820228060173;
02004280620248060069;
03327296420008060001;
02007128220228060069;
02024527220248060112;
02001982420228060104;
07678664220008060001;
02024348020248060070;
01931723720158060001;
02016970720248060158;
00131831220168060171;
02011807220248060070;
00068151620138060163;
02159411020138060001;
00503130620218060092;
00101289120248060100;
00428408420138060112;
02027622620228060055;
04114897520108060001;
02002885620248060041;
00073898520158060028;
02002594520238060104;
00143027120168060053;
00106989020248060128;
02003176620258060043;
02000253320248060038;
00058512920128060140;
00066088920108060173;
00067696120128060066;
02003825120238060166;
02043051920248060112;
02007845220248060052;
02029532320228060071;
02005449420248060171;
02006717820258060112;
02009997420248060166;
02008791420248060107;
06122281620008060001;
00512112220218060091;
00122347220178060164;
00070128120108060128;
02194957920158060001;
02019366520248060043;
02003043420258060151;
06975397220008060001;
02001449720258060154;
00059812220178060050;
02006296620228060069;
02028207820228060071;
00068613620198060117;
02217786520218060001;
00500502220218060076;
00385566720128060112;
00101671120238060040;
00513935220148060091;
02002351620238060169;
02655844820248060001;
02008957620248060168;
02882391420248060001;
00543363220218060112;
02003588020228060029;
02006564520238060059;
00503508320218060043;
01446781520138060001;
00789350520068060001;
02262261320238060001;
00003014520068060146;
01568083720138060001;
02009179220208060001;
00546719520148060112;
00106665320248060171;
02012283120248060070;
02001205920258060028;
00127199520258060001;
02001370720258060122;
00090604520068060001;
02498497720218060001;
02000037220258060059;
02010774720248060173;
02010240820248060160;
02001385520228060038;
02013175720248060166;
02016729020228060084;
00098398920138060086;
00527809220218060112;
02066813520158060001;
02003478120238060040;
02040667520238060071;
00081329420068060001;
01239784220188060001;
00524919620208060112;
00022509320058060064;
02005358120258060112;
02002208320238060157;
00261024420058060001;
00095588720188060077;
02755175020218060001;
02002033120238060130;
02016498620248060113;
02008824720248060081;
02005511320228060121;
02002127820238060134;
02175842220218060001;
02005888620228060041;
00005034420048060032;
02000960420248060113;
01085561320078060001;
00358787920128060112;
00261761520188060043;
02005948720228060043;
02003191320238060041;
00096212720148060086;
02000584520258060084;
02008081820238060181;
00133488920178060182;
00503396420218060169;
01123537420198060001;
02001327320258060028;
00100238120258060132;
10500922320008060001;
02055827020228060167;
02007878020248060157;
02001559020248060145;
00565238620168060112;
02004657620248060087;
00100242520258060081;
00534498220208060112;
00132637120178060128;
00027881620008060043;
02000771520258060096;
02002857420248060050;
00556582420208060112;
02000846920258060043;
02005406320248060169;
00163138820128060158;
02013227620248060167;
02003125820248060179;
00514827920208060151;
00101721120238060112;
02004377820228060055;
00505202220218060054;
00011081520008060166;
00034854620188060030;
00005559120098060120;
02001413920238060114;
02018638020228060167;
02799517720248060001;
00500856220218060114;
00067719520168060161;
00503998520208060035;
02052641920248060167;
02003593820228060038;
01161072920168060001;
02005655620248060111;
02003711120228060084;
00100484120258060182;
02012308220248060043;
02007303320238060081;
02000159220258060057;
00000133420168060183;
02000626020258060059;
06431158020008060001;
00092443620188060112;
02011771720248060071;
02007762120248060070;
02001894520248060087;
00522751520218060173;
00201711920198060147;
00524671420008060001;
02000846020248060122;
00024777820118060127;
02003430820228060031;
02020499020248060084;
02666162520238060001;
03146555920008060001;
02000751320238060097;
05131106720008060001;
02003576820238060156;
02001036720228060112;
00070312620178060166;
02015633520248060075;
02009150720248060091;
00100245220258060169;
02005484020248060169;
00125811720188060182;
00077091320178060143;
03110431620008060001;
02007854020248060051;
02005870720228060040;
00127019520158060075;
02000971420248060040;
00507004120218060053;
02002767420238060171;
02001167420258060043;
02002088320238060120;
02015510720228060167;
02276404620238060001;
02007832120248060035;
02012574620248060114;
00022147420198060027;
00057703520168060045;
00100272720258060130;
02005409620238060040;
02000747020258060028;
02000526220258060173;
02071834820238060112;
02011547720248060166;
05727267020008060001;
02003276620248060069;
00006172320188060054;
02010965520248060043;
00014155320188060128;
00056501320058060001;
02003276520228060092;
00504546520148060158;
00115523320168060171;
00000457020158060184;
02005437020238060163;
02052097320238060112;
02074321220218060001;
00497367820148060090;
02007707820248060081;
02042905020248060112;
02011889720248060151;
02004626620228060031;
02010876620248060052;
02002702820238060087;
02001538220238060169;
02004982720238060176;
02017168820238060112;
01418473320098060001;
00053586720138060156;
00060441620118060096;
00928387320078060001;
02002226420238060121;
02818475820248060001;
00240743020108060001;
02002748720248060133;
00380476120248060001;
02000767920238060070;
02664404620238060001;
00108648620238060119;
02005345320248060170;
02000446620258060050;
00126194320258060001;
02506652520228060001;
00529202820088060001;
00030711120128060078;
00675595620058060001;
02002248520248060125;
02001072720228060073;
00507451220208060043;
02000458220238060030;
00102702020208060138;
02002486720248060108;
02029687220248060151;
00004818820078060158;
07375963520008060001;
00026706320178060069;
02002947820238060112;
00171627620168060075;
00300532820108060112;
02003306320248060055;
02046802020248060112;
02016954420248060091;
02695562620248060001;
01843762320168060001;
02000365920258060157;
02030124720248060101;
02001040220228060161;
02002927020248060081;
02733222920208060001;
02000277020258060069;
00101136820228060076;
00969838420158060166;
00014821420148060110;
00049544720178060068;
02432563220218060001;
00101545520238060058;
00114014720158060092;
30006013520188060016;
02010085920248060126;
02045275020238060167;
00034629120198060151;
02000811920258060107;
02001675320228060120;
00501497120208060158;
00480944520148060163;
02005976720248060109;
02013474420238060064;
02754862520248060001;
02064929720248060112;
02008881220248060095;
02006848420228060176;
00100569620158060043;
02006113720258060167;
02004998720238060151;
02004861820248060066;
02002095320258060167;
02001054820238060097;
02000861720248060094;
02025048220238060151;
02007286720238060112;
02569994620208060001;
02004898020238060171;
00479051320188060071;
02004087920228060135;
02359037220208060001;
02025577820248060070;
00034392020168060162;
02006403120238060176;
02018328120238060084;
02005642920248060125;
00149579320168060101;
02001593220228060070;
02006962520238060092;
02001501320258060055;
02051098420248060112;
02595159720248060001;
02004756520248060170;
02000024420238060096;
06664251820008060001;
00440362120138060167;
02000865820258060166;
06227691120008060001;
00107612520248060158;
02013847120228060043;
02017981720248060167;
02033363320248060167;
02008956120248060173;
02028877920248060101;
02007530420228060181;
02509508620208060001;
01349423120178060001;
02000102820248060050;
00520099420218060151;
00505729420218060158;
04634579620008060001;
02000144820258060109;
02278430820238060001;
00980963020088060001;
00001946320058060169;
00037783120168060177;
00410071420188060158;
02032218020248060112;
02033268320248060071;
02077440920228060112;
02559105120218060001;
00060792920198060117;
02004883920258060167;
00497304620148060163;
02000435120258060157;
02016754020248060160;
02003509020228060001;
00002365620098060110;
02004518820238060132;
00913793620078060001;
02002614320238060030;
02009806920248060101;
02625157620228060001;
01448030720188060001;
02003796120228060092;
02004216420238060096;
02004116120248060168;
00083144320118060086;
02001817320258060171;
02002724620238060168;
02000568220258060114;
00047268420128060153;
02003806920248060094;
02043394920248060029;
00003922520058060097;
05135575520008060001;
00073404420158060028;
01805646520198060001;
00020133620088060167;
00496153120148060064;
02001169520258060133;
00090869620108060035;
00249112720068060001;
00143801820168060101;
02007414920238060053;
02000486520238060053;
00026140820098060167;
00108721620148060075;
00059968820178060050;
02004244820238060054;
00503234520218060126;
00007132720068060032;
00052450420148060084;
00508234320218060181;
00019881120178060069;
00001509020158060202;
02000993820258060043;
02003158920238060068;
02018570520248060167;
00102317020238060056;
02613441620248060001;
05040559220008060001;
02000561420258060169;
02026507520248060091;
00009452620008060169;
08832428520148060001;
02001280420258060071;
00100755620218060055;
02016918820238060043;
00103965920238060043;
00100859520258060173;
00074465720138060163;
00501213420208060181;
02000182020258060066;
02010531620228060035;
02018649420248060070;
01087984620158060112;
02022500920248060173;
02029400720248060151;
02005081520248060151;
00053037720178060059;
02000156120258060132;
02002933520248060120;
00067174320188060167;
02014839120238060112;
02000285720258060133;
02009230220228060043;
00103766820238060043;
02008917320238060071;
00003551720148060215;
00509715920208060126;
02004997620228060069;
00036185120078060070;
00612603920008060001;
02003138820248060067;
02010097720248060115;
02011979720198060001;
01337778520138060001;
02001453720238060030;
00080632320148060182;
02000667820258060130;
02001811920248060168;
00172251820058060001;
00156319120118060151;
00035083920128060050;
02000185620258060054;
02003101820248060170;
02000646720258060176;
00100239420258060160;
02035935520248060071;
00000527320188060114;
00502603120218060090;
00138585020198060112;
00604586520058060001;
00098221120168060163;
00114484220138060043;
02001712520258060043;
02005383620258060112;
02028911220248060071;
02011453420238060075;
02298471820238060001;
00005256720188060176;
00318136320248060001;
00012575920128060111;
02027059420238060112;
02008141620228060163;
01944110820178060001;
00016832720078060053;
02799791620228060001;
02003787420258060091;
02861193820008060001;
02705352220238060001;
02508961820238060001;
02007015520228060133;
00008269720198060040;
00021335620128060097;
02008457320248060128;
02715482220248060001;
00018023220008060150;
00010098220048060173;
00417578520078060001;
02018974220248060084;
00440319120178060091;
00061439420128060081;
05818870720008060001;
00041956220168060054;
00004046820128060202;
00055722020188060112;
02044576720248060112;
02001955220248060087;
00100742220238060178;
00064644120158060141;
00067913320068060001;
00005417920168060147;
02061060420238060112;
02596253820208060001;
00402006720248060001;
00352813420158060071;
02001581620238060069;
00501794920218060101;
00037534720058060001;
00519018920058060001;
02024877420248060001;
02004563820238060156;
02000336320258060106;
02000123020258060028;
02002014720258060112;
02005299520248060181;
01561564420188060001;
02058300220238060167;
02001354720258060151;
02004246520228060092;
02063725420248060112;
00067971620188060067;
02004461220248060171;
02066789120228060112;
00012648820198060084;
00041841620148060050;
00101691020228060171;
02001198120248060134;
02497969120248060001;
00356502920248060001;
07743870320008060001;
00512180520218060094;
03094140720008060001;
00100192020258060043;
02002505420258060091;
02001487920258060043;
02000569120258060111;
00501155020208060044;
00500343520208060163;
06510109220008060001;
02015397420228060043;
00147203920168060043;
00013996020008060054;
02000429620258060050;
00066415120118060171;
02028483420248060117;
02001972720258060171;
02693432020248060001;
00056216920138060166;
02015439720248060122;
00502834620218060067;
00083728420198060112;
00000365120108060098;
02008097620248060113;
02001301420248060069;
02013114420248060071;
00111992320158060043;
02025809220248060112;
02009852020248060157;
00100851420248060179;
02001198520228060123;
00074200620118060171;
02000136320258060109;
02003224120258060091;
00043002520128060104;
00086163620198060169;
00100076520248060164;
02001063020258060043;
02089607320248060293;
02002876420238060087;
00095777920168060169;
02001046720228060107;
02002304720248060043;
02001518420258060091;
00128954520238060001;
00328286620158060071;
00059547520148060169;
00011706020008060035;
02869464920008060001;
02010319420238060043;
02011277520248060043;
01364952620118060001;
02015576320248060031;
02001221220248060045;
00038382020128060120;
00100484620258060051;
02003164820238060109;
02019875020248060084;
00504183420208060054;
00008905320058060055;
02012001120248060055;
02005335620228060132;
02005760820248060169;
02001704020258060043;
00125604520168060171;
02009323120248060095;
00101229320248060097;
00087607320148060043;
00057054020158060121;
02020353920248060171;
02017045320248060043;
02004935520248060051;
02011474020248060084;
00317176220208060171;
02010190820238060164;
02002872820238060099;
00084373920128060043;
02004829420238060169;
00148325620138060158;
04058043920008060001;
02071269320248060112;
02000924220238060067;
00100397920238060043;
00048687420068060064;
00102879820248060111;
00552254920208060167;
00102356520208060104;
02004562320248060182;
00006557320028060158;
02014550320238060055;
00027548420108060077;
02933398720008060001;
02000750620258060109;
02003887620248060181;
00149618020168060053;
00702594620198060055;
02005119820248060173;
00508679220218060171;
02019385620238060112;
02008829220248060163;
00308169420208060171;
02002543320248060057;
00007396120068060117;
00501268720218060127;
00507260620208060043;
02000732820228060081;
00037062620068060167;
02023261920228060071;
00038526420148060142;
00213165420058060001;
04192631120008060001;
00053408420198060043;
02020076520248060173;
02000324420258060182;
02007341320248060121;
02005925920248060169;
02008763320248060051;
02002926720248060179;
00102456820248060040;
00052195620198060043;
00508145520218060028;
00371867520248060001;
00504072320218060069;
00026555120158060106;
02016360420238060055;
02001347120258060051;
00577997920218060112;
02005305020248060094;
02025775420238060151;
02746863620208060001;
02000117720258060179;
00373813020138060071;
02022052020248060071;
00101322720228060124;
00522675920218060069;
02001298620258060071;
00501165920218060057;
00003261620178060197;
00303867120008060001;
02003344420238060182;
02008292020238060043;
02008814320248060055;
00571483220218060117;
00005131420188060092;
00001081220188060210;
02025687820248060112;
01053579420188060001;
02867247520238060001;
02057913920248060112;
02004007220248060090;
00255517820188060043;
04974312720008060001;
02014545820238060171;
02000453920258060054;
08633292020148060001;
02291887220248060001;
02001135820258060128;
02003054220238060069;
00026817520088060112;
02009481120248060151;
08568068920148060001;
00019084720178060069;
00502416420218060077;
00085941620128060171;
00507153820218060173;
01763004420158060001;
02014657020238060112;
00038530520158060113;
02013524120248060158;
00991836920158060035;
02001368120258060070;
00514881520218060034;
02082379620208060001;
02005060620238060143;
02010815720248060182;
02007774720248060121;
00502298720208060173;
01881210620198060001;
02001755220228060145;
02054668320238060117;
00010139620138060111;
02000350220258060181;
00219119220188060164;
00011910820198060120;
00030790720198060057;
02005813020248060169;
02004418920248060041;
00000715320188060155;
08000080420248060181;
00124426520188060182;
08769793720148060001;
02006192620228060100;
02004357920228060097;
00006278520008060058;
00076137920158060171;
02310996220008060001;
02437502320238060001;
00043211320148060142;
02158177520238060001;
02001554920248060094;
00136974020198060112;
02008553120248060092;
02800279820218060133;
08743465320148060001;
00015457020198060043;
00502903420208060112;
00089845020128060182;
02005575120228060143;
00521595320218060029;
01034270720198060001;
02010744020248060158;
00085653120198060167;
00082130320158060171;
02005615220238060176;
02001899620248060070;
00503118020218060045;
00048765720188060120;
02017053820248060043;
00084985720168060107;
00055779520178060041;
00168451320178060053;
00117525420148060092;
00043971420108060001;
02004814220228060041;
02005025120248060169;
02016837520248060173;
02001980720238060163;
00570965120218060112;
02004362820238060130;
02002912120228060028;
02000102620258060104;
02008344620248060095;
02000550920258060111;
02008848420258060112;
02032289120238060117;
00504379620208060100;
00536194620218060071;
02014659220248060158;
02024206720248060112;
02013348720248060071;
08000043420238060170;
00358481020118060167;
02021127620228060055;
00001366220188060215;
02800200720218060069;
02001997920238060134;
02562119020248060001;
02042637520258060001;
02003364520248060128;
00457054120178060112;
02001928420248060156;
00500894520208060111;
02023022320248060070;
08710112620148060001;
02005392120258060112;
02015735320228060171;
02021931320248060101;
00007178520188060180;
02749155420248060001;
00965152020158060167;
02007143720238060095;
02012480720238060151;
02011072120238060043;
02065616120248060167;
00100440320258060053;
00108799020158060101;
02019297420238060151;
00362289620148060112;
00112890620168060137;
00558964820178060112;
02054050920248060112;
02128295220218060001;
02014910420248060122;
02005412920238060122;
01234816220178060001;
02001138620258060151;
02013224020238060158;
02753688920008060001;
02003088620248060028;
00104582320218060091;
01812809720168060001;
00012971520178060160;
02001624220248060029;
00024177520178060069;
02005428020228060176;
02004026020248060181;
02022961620248060167;
02026028220248060070;
02004571620258060071;
00509914920218060115;
02071872220228060112;
02008865220248060124;
02002754820238060120;
02001098020248060055;
00102753220228060054;
00515405520218060084;
02005246620238060130;
02015268220248060115;
00109090820158060043;
00101483820248060050;
02800166720218060069;
02006395120248060163;
02006595920248060125;
01601744520178060001;
00100180220258060054;
02004997720248060143;
00002807220078060069;
02002301420248060054;
02015962420248060043;
00520559020218060084;
00041912020198060151;
01664119520178060001;
00054111120158060178;
00047423320168060077;
00101210920258060151;
00030798520078060070;
08000088020258060112;
00098722020178060028;
02003438320238060124;
02008826420248060043;
00061627320198060043;
00634255020178060167;
00502470920218060130;
02000098520258060057;
00514101020218060167;
02000111020258060169;
00703330620198060151;
00101893020118060092;
02013410320238060043;
02015024320248060151;
05066966720118060001;
02017581720238060055;
00500197820208060159;
03332579820008060001;
02006999020238060120;
02000492220258060169;
02003666020258060091;
02042997220238060071;
00045422320168060078;
02505471520238060001;
02018351520248060112;
00101584520208060043;
00501948020218060145;
02000407520258060067;
02027362820228060055;
00112268120158060115;
01301639620188060001;
02021139520228060173;
02003525420228060100;
00135217920168060043;
00066034420178060166;
00023917520128060094;
02359972120008060001;
02000502120228060166;
02000691720248060179;
02003174520248060126;
02012407920238060167;
00041785820178060129;
00840158120058060001;
00003379520188060169;
00437742620128060064;
00000263920178060202;
00000982720088060142;
01026112220158060112;
00101178520248060157;
00054808420128060166;
00009447220188060181;
02002476820248060145;
00393830320248060001;
00048423220168060127;
02000676320258060130;
02003609120248060122;
02049507320248060167;
00112962320158060043;
02001175920258060043;
02006997520258060167;
02016760920238060112;
00505948320218060084;
02001493720248060128;
00477352020138060167;
00512058220218060101;
00483679320128060001;
01944019020198060001;
00405323420248060001;
00300348220198060087;
02504671720248060001;
02261249320208060001;
02014218420238060101;
01107635920158060112;
02477229820238060001;
02604747320218060001;
00041607920038060112;
00131243420258060001;
02577847120218060001;
02004981020248060041;
00038590520138060041;
00028336220148060129;
00095448920128060182;
02142499220218060001;
00847025820058060001;
00138337420178060090;
00471580220168060114;
01106024920158060112;
02007676420238060112;
02000341420238060043;
05044015720118060001;
00101710920118060092;
02008191220248060052;
02000474020248060055;
02001398420258060151;
00510833620218060112;
02002691820248060181;
00084789620158060173;
00025484620038060035;
02004557420228060128;
01246461320188060001;
02091767620208060001;
00060443320178060087;
00502768920218060120;
00002747520178060211;
00260462520188060043;
00205088220248060001;
02005877320248060157;
00038225320138060113;
02013161020248060122;
00008857520078060050;
02000186320258060181;
00541099720218060029;
00051543120138060121;
02002154820258060171;
01844455020198060001;
00126298720258060001;
02022276620238060151;
06019947220008060001;
02016116320248060052;
00001952620098060131;
02006174220238060158;
00101637520248060092;
02006201920248060107;
00312481420118060112;
02002345820248060181;
02036588420238060071;
00102307220258060167;
02012374720248060052;
00043720420188060071;
02012646520238060084;
00048565620148060104;
00138433120138060035;
00141866120178060043;
00035091020148060129;
02002208420228060168;
02002772320248060107;
02002726220258060043;
00205794520178060158;
02003331120248060122;
00502182420218060076;
02005630920248060169;
02191634020008060001;
02007917020228060066;
00120476420178060164;
02004380220228060140;
00504684220218060178;
02007152920258060167;
00009452320198060181;
02047884920248060112;
02018872520248060075;
02006193320238060151;
00643955520168060112;
02005646120238060158;
02000336520258060170;
00050964920118060169;
00000917420188060145;
02014894820228060043;
00065049720108060173;
00003146620168060187;
00043926320158060050;
00001586920178060211;
00014239120188060043;
02007756620248060157;
00504120820218060049;
00083502020138060182;
00104126720248060143;
06752236520008060001;
00510896620208060051;
02002077120258060171;
00501323620218060114;
02005543520238060055;
00519904420218060101;
02056911620248060167;
02007499020228060043;
02001123220228060111;
02808317420218060001;
00087972920168060141;
02004203120248060133;
02020782720228060112;
00069384120098060167;
02001875420238060073;
00100942320258060055;
00055321720198060043;
00022328420008060052;
08000049620248060041;
02010674720228060181;
00102265720118060092;
02137498920228060001;
02060125620238060112;
00666022120068060001;
02002925320258060043;
02052723520228060112;
02033276820248060071;
05803767120008060001;
02527869420208060001;
02001002620238060097;
02012706520238060151;
02007434320248060066;
07637421620008060001;
00531199820218060064;
00524867220218060069;
01480107720198060001;
02002535420258060173;
02063399320248060167;
02000966520248060028;
02005099720248060054;
02357174920208060001;
02005798820248060095;
05031579320118060001;
02023194120248060173;
02000938720228060123;
00088065620188060129;
00016222220008060051;
00015623120188060047;
00097122520138060128;
02010370820238060171;
00015433020198060034;
02185051020238060001;
02019981220248060171;
02014709120248060101;
00024210520148060074;
00511038120218060094;
00116393920158060101;
02001253620258060043;
02721369720228060001;
00512912020208060091;
00003658220148060111;
00492361220168060035;
02039701320228060001;
02054958020238060167;
00506778820208060099;
00664198520168060167;
02002748220258060091;
01364703220198060001;
00051516620108060126;
00099670420188060032;
00079824320198060071;
02052593620228060112;
10100747120258060101;
00510793320208060112;
03923863420008060001;
01858679420188060001;
00112039420148060043;
00000581220108060098;
00003532620178060188;
00046242120148060144;
07370706820008060001;
02012333920238060086;
02010790920238060090;
02010056420248060107;
02007302520248060040;
00007378920138060200;
00555594320138060001;
02001546220248060030;
02043427220248060071;
00002277120168060200;
02076153320248060112;
04251316720008060001;
02001292220228060094;
07729286320008060001;
00505881520218060169;
02002395120228060181;
02000537320258060132;
02001609320258060043;
00003296020038060035;
02017154920248060151;
00118883920248060112;
00506872820218060090;
02019800320248060070;
02088479320228060001;
00506238120218060069;
00501841820218060151;
02016607720248060158;
02012327120248060166;
02003918220248060067;
02013660220248060101;
02006099420248060040;
00067956620178060104;
02005772820248060125;
02482838820248060001;
00115266520158060043;
02007414920248060171;
00500682620218060114;
00077697720128060137;
00003388920188060069;
02047653220248060071;
02010345420228060182;
00020075820108060167;
02004739420248060041;
00388910720078060001;
02010181520228060081;
02008713320248060173;
02019392020248060043;
00546732120218060112;
00059804020198060091;
02469397220248060001;
02570571020248060001;
00030008920128060116;
02003220720258060070;
02006131720258060293;
00021823020008060126;
00032974820198060182;
00536166420088060001;
00101129320258060071;
02038516520248060071;
02002604920248060054;
02001195320228060069;
05599989420008060001;
02012325220248060043;
00034629020198060119;
00504997920218060043;
02001492020258060090;
02026755420248060167;
00579868720218060112;
04827388620108060001;
02000728520258060130;
00316698920248060001;
00217348320178060158;
02005473420238060058;
00138047320168060182;
02010272320248060043;
00100564720258060043;
00084279620158060137;
03336728120008060001;
00023484320178060069;
00000426920008060143;
02000444320258060090;
05159358120008060001;
00153133820178060171;
02006196420228060055;
00007050520198060029;
02014229320248060114;
02021347120228060173;
00071801820148060169;
00104062220228060146;
00004295520078060138;
02012848620228060053;
00130631220138060029;
00024814020198060126;
02789046820248060001;
00517912820178060112;
02018595620248060043;
02009577920248060051;
00072083520138060164;
04002509320188060001;
01014176320148060001;
02017538120248060112;
02042188920248060071;
00002846120078060085;
00501701120208060170;
02002790720258060091;
00012900620188060122;
00129594120168060182;
02385729820208060001;
02005596620248060170;
02560167620228060001;
02492434420248060001;
00532234320218060112;
02008490920248060097;
02006312820258060167;
04772787020008060001;
00514090920218060043;
02007274820248060112;
02020987620248060070;
02061501820248060167;
02008536420258060112;
02047670220248060071;
01404689120088060001;
02000556120238060181;
00000754720178060213;
02002902620248060041;
00504683820208060126;
00006195020058060053;
01357088420178060001;
00147180820168060128;
05431614120128060001;
06093606520008060001;
01558091620158060001;
02010238720248060171;
02003203720258060167;
02003108720258060071;
00031174220158060127;
02011618620248060128;
00103542720158060128;
02011095520238060151;
01571645620188060001;
02004213820248060158;
02010078220258060112;
02000487220258060125;
00010755120088060099;
02438934620228060001;
00067522120188060161;
00083386420108060035;
02000277920238060121;
00482060220148060167;
02075608220248060112;
02005417920248060094;
02163729220238060001;
00119273020188060182;
00008114620228060001;
02000377320258060115;
00503855220218060040;
00064192220188060112;
02009864020248060113;
00087298720198060169;
00007336020008060086;
00553201620218060112;
02008753220248060121;
02056083420238060167;
00001844720148060187;
02005444120248060124;
02265368220248060001;
02010302720248060156;
02002737020238060058;
00145085420168060128;
02007457420228060133;
02763809820248060001;
00033962320188060030;
00101315020258060055;
00514704420208060158;
00028414020008060158;
00101319820238060094;
02051135320248060167;
02012316720248060043;
02008820520238060171;
02004496520248060106;
00103228120248060071;
02000962120258060096;
02000881520238060096;
02835075820228060001;
02004490820248060125;
02002042520238060127;
02047688420248060071;
02390151520218060001;
00505569820208060054;
02009092020228060107;
00010628920098060043;
02005476820238060176;
04663489020008060001;
00368285420118060167;
02004934320248060055;
00507294520208060112;
02032235020248060112;
02008174220248060052;
02010579420248060128;
00002158720178060211;
02001118820248060107;
02004809220238060115;
02002275820258060043;
00511261420218060163;
02000868420258060028;
00108903620148060043;
01110492620088060001;
02014563220238060299;
00140639520168060173;
02013619220228060151;
05224400520118060001;
02008855520238060107;
02010199520248060156;
00329267820138060117;
02024277620248060171;
02007499120238060096;
02002474920258060043;
02000431820258060168;
02003102120248060169;
02045258520228060112;
00013296220188060070;
02012184320228060171;
00023369820128060038;
02000696320258060120;
02015630920228060171;
00051707720008060173;
00702915420198060151;
00066499620188060166;
00101787820228060168;
02001105120228060050;
00100114820248060182;
02417814120218060001;
02690595220008060001;
02042959820248060071;
02679587720008060001;
02037417420238060112;
01885111020188060001;
00014273820058060091;
02001017220258060151;
02007313620228060151;
02001537420258060052;
02000306620258060120;
06304304120008060001;
00100597020218060098;
00015312020108060167;
02071592020238060112;
02007518920248060043;
02001611220238060120;
02562822920238060001;
00006332420048060100;
00100478320238060034;
02055373720228060112;
08865901420148060001;
06130068320008060001;
00502239820208060167;
00092687920138060099;
00004587720088060136;
02006444520248060043;
00075233320188060085;
00058198720138060140;
00501648220218060068;
00101042220258060070;
02056236620248060167;
02004098220248060074;
00502897120218060158;
02015153220248060122;
01510709220188060001;
02009774320248060157;
02030347220248060112;
00503998220208060133;
00511278720218060069;
02001264120238060059;
02052890320248060112;
00101557020248060166;
00160537020078060001;
02008596320228060181;
02001318120248060171;
02043043420248060112;
02002343220248060125;
00000337020138060202;
02010522620228060166;
02000252020258060031;
00700382220198060101;
02017934320248060151;
02000855120248060120;
02018344320248060043;
02004766620248060100;
06798995620008060001;
02002857720258060070;
02481135320238060001;
02005092320238060090;
00133553820008060001;
00509381720218060035;
02000519820258060166;
00286908220098060001;
02003876020238060041;
02881027220008060001;
02000613020258060171;
02003247420258060167;
02014279020248060090;
02008532220238060084;
00567322920218060064;
00501667020208060138;
02013860820228060151;
00602279620098060001;
00503549720208060159;
02063148020248060167;
02028066320238060167;
00069316720148060169;
00394937220138060167;
00502254820218060130;
00162359420128060158;
02375474520238060001;
02001470720238060127;
00084887620178060107;
00003579120098060043;
02057382420238060167;
01859117920198060001;
00095992720148060099;
02061822320248060167;
02004093420238060069;
02051952620228060112;
00535014420218060112;
02015715420248060158;
02000427320258060090;
02012844820248060043;
02009836820248060054;
00511302120208060055;
00012519620098060001;
00058554620108060137;
02006440220238060101;
02017236020238060151;
00502727420218060145;
02065512220238060112;
00187555220088060001;
00041624820008060114;
02586308320248060001;
02005253720238060070;
08000027220248060156;
02004941920248060058;
00043164820158060144;
00120813920178060164;
02002736020248060050;
00110750920228060071;
01490013920088060001;
02016431420248060070;
02005709620238060181;
02005498420238060096;
00002216920188060111;
02081035620228060112;
02137313920208060001;
02007328120238060055;
02001487120248060154;
00103419320248060166;
02010667420238060101;
02005267720238060181;
00025058520148060177;
00510384520218060043;
02000220920258060179;
00126100420148060119;
00022685320198060055;
02742579820228060001;
02016228020238060035;
02000691420258060104;
02000475320258060104;
02012157720248060055;
02028626220248060167;
00073372120198060167;
02008259520248060059;
02011385720238060167;
02862969320238060001;
00100080620258060038;
02003605820248060133;
02007104120248060167;
02000175620258060059;
02001448720238060083;
02015406620248060115;
00965086220158060091;
02003630820258060091;
02015281120238060043;
02578400220248060001;
02514862920228060001;
00978362720158060091;
02017187120238060043;
00003852920178060027;
00003642920188060153;
02015665720228060043;
02000492120258060040;
00368321720058060001;
02003824820258060112;
00014753320188060158;
02137322420208060001;
07089241720008060001;
02027552220248060101;
00250642820008060112;
08458138420148060001;
00021071620188060043;
00094026620148060101;
02018861320248060084;
02054960220228060167;
00002192020188060202;
00033375920178060098;
02001624920248060059;
02028947220228060091;
02005604820248060171;
00469484620178060071;
00095956620168060051;
02006223420238060168;
00102671220228060133;
02007978720248060040;
00011311120198060128;
00040050520178060074;
02001962020248060028;
02010232520228060182;
00026519620128060145;
02648295820238060001;
00101661820228060054;
02014584420228060070;
02001682020248060071;
02025645820248060171;
02024362520228060101;
02000697420258060084;
01130892920188060001;
00318634620118060001;
02066907120238060112;
02014945620248060122;
02010279320238060128;
00037909720108060066;
02000590520258060157;
00103952220178060096;
02036354120238060071;
02015000420258060001;
00030654720158060159;
02214200320218060001;
02014866720228060084;
02006899420248060028;
02038485020248060091;
02001242720238060203;
02008219320248060112;
01847760320178060001;
00043391120108060001;
00084379420148060099;
02004548320248060075;
00037457020058060001;
08747917120148060001;
00147484320168060128;
02002620820238060069;
00044415820108060122;
02532958320248060001;
06047063520008060001;
02562858120238060001;
00393241120078060001;
00504138120208060031;
02047844620238060112;
00103040220248060058;
00126991920108060070;
02038679020228060167;
00049614720138060143;
00110974720138060115;
02006755220248060112;
02005890720248060169;
00130737220178060043;
02009510520228060096;
02147617020248060001;
02012920320248060115;
01016765820148060001;
02045869820248060071;
02045081520238060112;
00118320620248060112;
00116754320188060112;
02063710620238060112;
00100082920258060095;
01265131220168060001;
00507548720208060167;
02009157520248060133;
02795069320238060001;
02046614820238060112;
00500765020208060142;
02004855020248060125;
00055569220198060092;
00510350920218060167;
02011248420248060055;
02000478720248060104;
02000106020258060125;
00369355720248060001;
02004377120238060143;
00106042120238060115;
02058835120238060112;
02006905120228060157;
02009272520238060101;
00021769020188060029;
00949669520098060001;
02060463920248060001;
00503906920218060171;
00032758320008060043;
04085013320008060001;
02009461520248060095;
02007895420258060112;
00100342420238060054;
00005422820068060143;
00683101520168060112;
00289990620098060001;
00049786820178060135;
00040243520118060134;
02002509720238060067;
02001780220248060124;
02013193220228060090;
01261283020178060001;
02002294720248060145;
00026367720098060034;
02000220320258060181;
02010677220248060053;
00100406020258060151;
02141729820128060001;
00021919220008060028;
00006276420168060207;
02004136720248060059;
02008354320238060070;
00014491620158060069;
02003524220258060070;
02016571120248060001;
02004380220248060182;
00037486920008060043;
02013040320248060055;
00005583520188060054;
00039208920158060041;
02020386120248060084;
02004811320248060125;
02000412620238060101;
02023693620248060151;
00026489420198060049;
02921033120228060001;
02486911620238060001;
02001115020258060173;
00559021620218060112;
00970402920158060158;
00104247220248060049;
00078230420138060171;
00100920620248060179;
02011531920248060158;
00473615620098060001;
02000854320258060176;
04759996320118060001;
00102233620228060054;
00501869820208060158;
02004594120248060161;
06693741520008060001;
00104479120118060075;
05083040320118060001;
02032526620248060091;
00165174620008060064;
02004269320258060071;
02271222720218060001;
02004521120248060109;
02492183120248060001;
00095364620138060128;
00013461920008060171;
02426523720228060001;
00040526820008060043;
02001133820238060125;
02020865920248060071;
02008246920238060181;
02019163020248060090;
08000857220228060087;
00967302320158060158;
02001722020248060051;
02306445720248060001;
01206890920158060001;
02426287220238060001;
00510990720218060171;
00512393520218060173;
00096629820118060053;
02074855620228060001;
00889632720098060001;
00009154720198060129;
02003868820238060069;
06133012320008060001;
02000025420258060167;
00467914720178060112;
02000349620248060069;
02009932320228060171;
00502820320218060054;
02001003220258060040;
07223820420008060001;
00002863020088060074;
00058120620198060134;
02015817120248060070;
05211678820118060001;
00059528420148060176;
00004431620188060215;
02016695720248060055;
02798244220248060001;
02004346920238060094;
02000654520238060104;
00007862720198060134;
02006409220248060112;
02809832020248060001;
02002319320258060173;
05957668120008060001;
02008746120248060181;
02012968120248060166;
02006267120248060092;
00113600420138060043;
00102616320258060112;
00152062420168060043;
00214625320198060115;
02003413920238060181;
00015196120198060176;
07534974320008060001;
00036981420158060109;
02007522720258060112;
02006954220238060059;
00016602820188060043;
00433803520138060112;
02007394620228060043;
00013426920008060142;
00002982420068060071;
00504785320218060092;
00606118320178060064;
02041383120248060167;
00066730520008060151;
00101071320178060084;
00100788720228060083;
02006422120238060040;
02028140420228060158;
02001133520248060050;
00079356320158060086;
02011645420228060114;
00026157220188060071;
00518618620218060053;
02007980420238060171;
01721310920188060001;
00051795020008060137;
02002909720248060179;
00054955320128060166;
00006630220058060043;
00147836420168060043;
02079355420228060112;
00064157020118060163;
02000114720248060168;
02064853720248060167;
02012226620238060035;
00100022920258060028;
02060255020248060167;
00092110620118060043;
00503413220208060084;
02005613620248060170;
02011664820248060051;
02002615320248060177;
02006318820248060126;
02003579220238060051;
00003220420198060069;
02012442320248060122;
02003494620238060074;
00011711020188060069;
00096530720198060167;
00104577720118060062;
02001203020258060070;
00123610820178060100;
00102336920248060132;
02001121320258060051;
02004139220228060041;
00150128720178060043;
00606096220188060199;
00662483020058060001;
02023109720248060070;
00512643720218060112;
05466222120128060001;
00103613720148060101;
00123137920178060090;
02000667620258060163;
00005849020098060040;
00089461020198060112;
00539370320218060112;
02047809820248060071;
00016905320128060082;
00104766220248060051;
02028167720248060101;
00103815620248060043;
02000043220258060132;
02013742720228060043;
02501909820248060001;
00463070320138060167;
00005709020108060034;
02002515320258060151;
02002040220258060112;
00514234720208060101;
00056898020168060144;
02016087420248060031;
00183661020188060133;
02003041220238060181;
02076944620238060112;
02042081920248060112;
02013642020238060084;
02006346720228060173;
02010605120248060095;
01591963420188060001;
00015825820158060069;
00062142320178060178;
00128122620198060112;
00505173620208060108;
02001230520248060107;
02011858220248060171;
02068666320248060064;
02015167620248060070;
02784173520238060001;
00100830620138060090;
00502300720218060054;
02040393220228060167;
02004285520238060161;
00538701420148060167;
00006268620198060203;
00106678820238060101;
00583428220218060112;
00036791220118060153;
02054652920248060064;
02005117420248060181;
02036546320238060001;
00521392420218060171;
02003022120248060112;
00101453720258060151;
02007703420248060128;
00216606320168060158;
00421566220138060112;
02000937320238060181;
02000609620238060112;
02012934420238060043;
00063694720128060163;
02013717520248060084;
02018253720248060090;
02216504020248060001;
08000071220248060054;
02000650720248060170;
00002151320168060150;
02005896120248060054;
00011350720198060077;
00142822720258060001;
02008734120228060086;
00101887620228060054;
02009823520248060070;
00100768120258060158;
00405927220178060091;
02003402820258060070;
02012725420248060101;
02001566920258060071;
00052949520198060043;
00100059120248060133;
02002492720248060181;
00052973620178060135;
02008876220248060051;
00510679620208060151;
00515659520208060151;
02012784120248060043;
00664013920008060001;
00106137220248060171;
00324955820008060001;
02883258720218060001;
00068016920148060107;
02006611220248060163;
00006993820128060192;
00653018220198060098;
00010958320248060001;
00107255120228060158;
05980211220008060001;
02013691520248060114;
02004632720238060157;
02000312520258060161;
02010042020248060062;
02022241720248060171;
00012319520098060166;
02017637320228060055;
00009656920008060087;
02064242120228060112;
02000120620258060133;
00001776420148060184;
02010466420228060151;
02030449620248060151;
02005563520248060163;
02006745520238060095;
00131224120248060117;
05147536020008060001;
02013505720248060001;
02020004220248060151;
00515605220208060158;
02001894420258060173;
00506257020218060095;
00028245020128060039;
02022018720248060101;
00035412620168060038;
00404723920128060112;
00104525620248060173;
01683253420168060001;
02001451320248060059;
00002381420078060169;
01504461920138060001;
08000292520248060166;
05268863720008060001;
00103663520248060028;
02009026120228060096;
05177027120118060001;
02004714920248060066;
00102241320228060089;
02002457920258060043;
00005398020128060202;
00103048020248060032;
02006802820248060095;
02001399020238060107;
02008123020248060081;
02011728820228060095;
02036703820228060167;
09137978520148060001;
02007175320248060128;
03211485220008060001;
02025508620248060070;
02899441820228060001;
00504334720218060125;
00101990320258060151;
02006418520228060035;
00126132220188060182;
02688386320238060001;
02004785120238060074;
02005640520238060112;
00131951320008060001;
00005036820188060027;
02008344220238060043;
02008829620238060173;
02038906520248060167;
00067867620108060128;
02001510520238060043;
00069240720158060051;
02005723120238060128;
00086224620198060071;
02011286820238060084;
00504199020208060095;
00353275720148060071;
00054705020148060140;
02006261320228060037;
02002214020248060058;
00002096020158060111;
00011203220048060055;
00501636120208060156;
02027621420248060101;
00512412320218060167;
00586254720178060112;
02003809620228060043;
00141017520178060043;
00003520520108060053;
02005388320248060043;
03082969320008060001;
02021641520228060171;
02000689120248060127;
00020298220158060057;
02377397520238060001;
02371756220248060001;
00054414520188060112;
00501370620178060112;
00036605520008060035;
02000338620258060066;
00605225120008060001;
00101536020248060050;
02004350620248060034;
00492756920148060070;
02011412920248060053;
00505661920208060095;
02001296420248060122;
02003469420248060094;
00001747120138060111;
02006866820248060084;
02002259620248060181;
02004189220238060134;
02024139220248060171;
02039861420238060071;
00038259320148060041;
02003155820238060143;
02019405220238060071;
01003083520158060112;
00103401320208060049;
04050639620008060001;
02001098320248060054;
02033804920248060071;
02682583820208060001;
03081115520008060001;
00088631820158060117;
02011306420238060043;
02000842620258060122;
02055267620248060293;
02000531920258060053;
02020979120248060070;
02043582920248060167;
02000603520248060121;
01567023620178060001;
02010207320228060181;
02556215020238060001;
00056928920178060050;
00154519820178060043;
02030464920238060071;
00000175320128060202;
00987889620158060158;
02007741720258060167;
02009763520248060100;
00135248420218060293;
00019189120178060069;
00144516720188060095;
02009136520248060114;
00035016220008060181;
00506614220218060086;
02035032920258060001;
00610030820198060111;
02005349820248060058;
02000490320258060143;
02000153120258060045;
02005492220248060170;
02009148220248060071;
02493396420218060001;
02000192220258060028;
02000501620258060069;
00055861320158060143;
02000151120258060084;
02025213620248060070;
02046609720228060112;
01362674120178060001;
02000021220258060084;
02004554520238060094;
00594796920068060001;
02031172020248060167;
02008633220248060181;
00100546120258060113;
00542696720218060112;
00659025120168060112;
00002816820208060112;
02003468520238060173;
02322892020248060001;
02731482020208060001;
00259182020078060001;
02000215020258060041;
02004557520238060181;
02001832020238060169;
00598097620008060001;
00010393920008060212;
02019903120248060043;
00017922120078060092;
02007350320238060163;
00100590220258060043;
00052845120198060043;
00147047620248060117;
02114419520138060001;
02002944420248060112;
04717125720118060001;
00013079020198060127;
02010595220248060035;
02003627020258060043;
02006922520228060091;
02002507820238060041;
02016468720248060160;
01862689820158060001;
00164498620178060101;
02013639320228060173;
02005362520248060040;
02002748520248060069;
02005152220258060167;
02003056520248060050;
02023943520238060070;
02059051220238060112;
02000230520258060143;
00157307120218060293;
00003270420068060159;
02738878520238060001;
02007226020248060133;
02003516920238060121;
02016345220248060070;
00500812720208060157;
02000580220248060045;
02000860920238060108;
02008015420248060128;
02002589420258060167;
02005980920228060146;
00877502020088060001;
00510243720218060051;
02012047620258060293;
02000693720258060064;
00002371820098060053;
08943440720148060001;
00001321720158060187;
02629883420008060001;
02007547220248060163;
00100187320258060095;
00118245720178060182;
00046886220008060163;
02005632720228060121;
00589814720148060112;
00524533420208060064;
02013052820248060171;
02054986920248060112;
02020470220248060091;
02015041020238060034;
02001658220238060109;
02000419620258060055;
02004266420238060168;
00079815520158060182;
00101306520248060131;
00019694920188060043;
05627417720008060001;
00110312420178060181;
00112070420148060053;
00163122120168060043;
02000624620258060096;
02005902720248060028;
02781428620238060001;
00054076620178060060;
02023683720248060091;
00115175120128060062;
00043181820158060144;
00041088620078060001;
02000028420258060157;
00052544420198060066;
00485232720148060158;
00436786120128060112;
02000570420258060038;
08000035120238060040;
00517877520218060071;
02008839120228060181;
02000608720258060157;
02000948720258060084;
02000460820258060124;
00005825820148060198;
00882828720158060117;
02494740820238060001;
02006365720248060176;
00027638320078060034;
00139476020138060055;
00111622620198060117;
02013814820248060043;
02369236420218060001;
02008050620248060124;
02080645920228060112;
02750177620248060001;
02016523120248060084;
02011340420238060043;
02753393920008060001;
02058348120258060001;
00117135020198060167;
00103166120248060043;
02013034620238060154;
02007088920238060043;
00501256720218060074;
00421239620178060091;
02042119720248060071;
02028181420248060112;
00503628720218060111;
02004423120248060120;
00001336520188060035;
02005557520238060166;
30010018420168060221;
01453752620198060001;
02014599720248060154;
02582128720208060001;
02008500420228060084;
00006845720188060128;
02000215020238060096;
02004342820248060161;
02001396720248060071;
00079964820118060090;
00079475120118060043;
02252377020248060001;
00104412620158060049;
02040020520248060112;
91249833620178060001;
00005785920178060216;
00294475120248060001;
00543103420218060112;
02025456420248060070;
00177396820058060001;
06174679820008060001;
00056833020178060050;
01132881720198060001;
03446112320008060001;
02004949420248060130;
02006232120248060156;
02003515720228060104;
02009013420248060055;
02001984820248060041;
00032135120118060142;
02004594220228060054;
02001240820258060122;
02008571120248060121;
00039992720008060160;
00504956320208060112;
00254833120188060043;
00221115420178060158;
00501056820208060088;
00038342920178060145;
02001503020238060169;
00502886220218060069;
00701789720198060055;
02728006020248060001;
02005526720248060043;
00023467320178060069;
01445262520178060001;
00111749820208060151;
04887309120118060001;
02000444720258060121;
00511727220218060043;
02024616320248060167;
02000564220258060095;
02038761520238060071;
04390052220008060001;
02009002320248060096;
02002250320228060073;
02007380920228060028;
02672490220248060001;
00070835720188060143;
00507486420208060043;
02001428820258060167;
02000920420248060133;
02007014520258060167;
02000847320258060171;
02009017020248060043;
00010968020198060086;
00020654220118060162;
02159274020248060001;
02005869020248060124;
00026751020168060073;
02008709320248060158;
02005610320248060181;
02010452020248060051;
00033592920148060032;
02005537820248060099;
00103484820258060167;
02007336720248060108;
02045453420248060071;
01230281420108060001;
00511560820218060112;
00084478220168060095;
02004751120238060070;
02015876220248060043;
02001461220258060043;
00895046520068060001;
02002111120238060032;
00036321920058060001;
02034709420238060167;
04529576820008060001;
08000113120228060115;
00040834220158060050;
02004783220238060145;
00110700920208060151;
00205344120178060158;
02260489820228060001;
00014576120138060069;
02003108820248060179;
02919457320228060001;
02000284720258060104;
02014418320238060163;
00094194320198060064;
04291026020008060001;
05058808520118060001;
00079011220178060121;
00036760820148060103;
00058346720188060112;
00008423720008060066;
00000394520168060211;
02011841720238060112;
02006029520248060107;
02001601220258060070;
02002930520258060151;
02000640620228060101;
02019375020248060043;
00200167320198060128;
00001468920168060211;
02001472320238060154;
02906258520228060001;
02008162920248060126;
00522613120218060173;
02006838720248060125;
00419914920128060112;
00018357520178060069;
02000414120238060096;
00165584920138060034;
01225833020098060001;
00100208120258060050;
00292882320118060112;
00009825020198060181;
02018794520238060055;
02042258420248060167;
01733809720158060001;
02028496320248060167;
00168642720178060115;
02007999320248060028;
04984854220118060001;
02003117520238060028;
02000825220258060091;
02022025720228060064;
02013586720238060163;
00502645120218060031;
02017070620238060055;
01764401020178060001;
00004178020078060028;
01148528020098060001;
00090154220198060112;
01986490220198060001;
02009585520248060151;
00535181720208060112;
02003287020248060095;
00547381620218060112;
02004687320228060031;
02008561620248060092;
00102989020258060112;
00000011720178060205;
02004921320228060125;
02001938320258060043;
00517360820208060101;
02039284520228060071;
00029846320158060106;
02015930620238060043;
00008789420068060090;
08000137720228060122;
02023663320248060070;
02007366620248060158;
02005155920238060145;
00000734120078060112;
00001639520158060200;
02008951220248060157;
02051564220238060064;
06782600320008060001;
01416864220178060001;
02062706120248060167;
02010193320228060070;
02002622420238060096;
02013559320248060158;
00125214220158060055;
00029983720008060150;
02009031120228060043;
02005026120228060059;
02025629720248060071;
02051257220238060112;
02064565520248060112;
00012990920028060128;
02003422120228060161;
02008543120238060173;
00469311020178060071;
02013809720248060064;
00022239720028060167;
02000596520258060040;
02019115220248060043;
02180069420218060001;
02000929420258060124;
01556382520168060001;
00503736220218060129;
02060299220238060112;
00513343420218060151;
00049731020138060160;
00024252920018060064;
00014908620198060151;
02005368820228060171;
02013249420248060151;
00100975920258060028;
02007403420248060084;
00082831320098060112;
02010602920248060167;
00000920820088060049;
00097719220118060092;
00004079120188060176;
00508112620218060182;
00018036320008060167;
02001469320248060092;
02017694820248060043;
02077946420248060112;
00019297520158060139;
01119764020188060001;
00088920220128060173;
02024631520248060173;
02008444620238060121;
02004249320228060115;
00043253820178060112;
00034771120008060027;
02001532020258060167;
02000202220258060120;
01010795020188060001;
02007759320248060051;
00518429720218060112;
00036610520188060069;
04943394120008060001;
00067262220158060066;
00152988620148060070;
00001796620088060112;
00017782320088060053;
00135839020168060182;
02198726920238060001;
00500208720218060075;
00004025520128060184;
00107469720248060112;
02011692820248060075;
00108728820248060164;
02000619720258060084;
00506838020218060028;
00066682720058060112;
02002586220238060168;
00035700720158060040;
02506058120248060001;
02000643520258060122;
00504281820218060095;
02012515820248060043;
02005013820258060167;
02007784720238060095;
02839544620228060001;
00046156720118060143;
00012785920158060069;
02033161320248060112;
00081975720008060112;
00040436720198060164;
02002438420248060095;
00104182920248060158;
00509137520218060173;
02003154220248060040;
02005461820228060112;
00504172920218060114;
00120979020178060164;
02001026620238060203;
00005382820098060129;
01611678820178060001;
00507350220218060182;
02005554120248060069;
02007285420238060181;
00100672820208060051;
02043306120248060167;
02097188920238060001;
02002977420238060163;
02000125220258060053;
00008016320178060199;
02643888220208060001;
02015901820238060151;
02002957220258060151;
00056009120128060081;
02012485020228060051;
00506935220208060128;
00172642120178060154;
00569456120148060167;
00000409820048060098;
00145865820008060112;
02113112220248060001;
02002361020238060069;
00100420220258060128;
02001769120248060169;
02050215420258060001;
02005417620238060171;
00000360320148060198;
02002186320258060151;
00002924120178060197;
00503544720218060035;
02000355220258060132;
02002074020258060052;
02020468520238060112;
00573454120178060112;
00102810420248060043;
02010076820248060128;
00039782220148060108;
00013741820108060112;
00006115520138060033;
00543195920208060167;
00072670420198060167;
05776624120008060001;
00116606420188060083;
02003982820258060071;
00005787420098060140;
02007575720238060035;
00100421520158060043;
00907994020068060001;
00083328820128060099;
00604111620188060202;
02726882820238060001;
00103926720258060167;
02001948820228060135;
02015969020228060173;
01477824420158060001;
02006690820238060071;
01050776520148060001;
00119923120248060112;
02066274120248060167;
02061700920248060167;
00410258620128060112;
00135720820058060001;
02011482920248060115;
02008373120228060043;
00500736720218060043;
02015889720238060070;
02003910520248060125;
02974788220008060001;
02003100720228060067;
00447565620138060112;
02058790920248060167;
02271282920248060001;
08000346320228060054;
00515378920148060167;
02007816920228060181;
02011679320228060086;
06733408320008060001;
02003361020248060075;
00326052920118060112;
02000657320258060169;
00001341320068060054;
02012976620248060166;
02024885120238060112;
01065198720158060112;
02032832020228060071;
02060883120248060117;
01363148320158060001;
00057535020108060096;
00025579020198060182;
02001030620238060121;
00004218120198060098;
00103238920248060128;
00650107320058060001;
02002816620228060160;
00101580620248060043;
02006145320238060040;
02007813520238060084;
02011335620248060084;
00061868320178060104;
02016542720248060043;
02794973420238060001;
02005764320248060125;
02004670320238060145;
02020847420248060173;
00016365320178060069;
02000848520258060167;
00149914820168060043;
00128554920138060119;
02046268020248060071;
02012925720228060055;
02007955020228060182;
00034243420138060040;
02054065720238060167;
02023073020238060151;
02008152320248060133;
02004288520248060075;
02017166520248060173;
02044962220248060029;
00105295320138060043;
02046649520248060167;
00585650520198060177;
02005891420228060157;
00035204720178060157;
02002569020248060125;
02000274520258060045;
00008164020148060198;
02007765020248060028;
02003641820248060094;
00100578720128060075;
02004253120248060108;
02014596120248060166;
02013425220238060151;
00048884320118060047;
02000187120248060125;
00337260920138060117;
02005261720248060125;
00055547620168060109;
02001425020248060094;
02079107020248060112;
02001266120228060096;
01613786120168060001;
00989243720158060112;
03806233620008060001;
02040133420248060112;
02001832920238060069;
02030532920228060151;
02007617420228060053;
02034376720248060071;
00136426320188060035;
02002207020258060171;
00004401220188060199;
02006019220238060092;
00102773520248060182;
00969514120158060114;
02789419520248060001;
00000874020168060199;
00106086620248060101;
01073166320158060112;
02000954220248060073;
02000211520238060043;
02688221720208060001;
00102668520258060112;
02004456520248060126;
00017721920138060157;
02057337020238060112;
02003457720248060040;
00058214720198060043;
00122876820248060112;
00010272920198060157;
02003601920238060125;
00014000220108060149;
02134210920158060001;
00114649320138060043;
00095973720188060028;
02004115620238060084;
02007623620238060114;
00100246120258060166;
02000351520258060112;
02001040720248060169;
02836158720228060001;
00102592520258060167;
02002596320258060043;
02010774720238060055;
02009037520238060075;
02003464320248060111;
02008330520258060167;
00016819620138060069;
00124069120168060182;
02045964520248060071;
00541295920218060071;
02020979520248060101;
02003390320248060030;
07256982520008060001;
00698555220168060167;
02015731520238060043;
02005172020248060169;
00034499220008060043;
02033245320248060091;
01907034720178060001;
02001628620248060176;
02029671020248060112;
00503445320208060062;
00509070720208060043;
00040969220008060203;
02000143120258060050;
01109368320158060112;
00502619420218060161;
02013433120228060035;
02817419620248060001;
00069451920178060178;
00032162720128060059;
00060568620128060066;
00028342620188060123;
02000530720258060057;
02001123520258060173;
02001111920258060151;
00049946220118060028;
00105961320118060035;
01733826720158060001;
02002368420238060109;
00170581320178060055;
02022996520248060071;
02004269620228060104;
00108947920218060091;
00509428020208060070;
02004948320238060145;
02323117820248060001;
02006344620248060028;
00117964620178060164;
00666793620168060112;
04207150720108060001;
02029817120248060151;
00004183620138060196;
02000642120228060096;
00371936720248060001;
00712853920168060167;
02003861720258060167;
02011170220248060182;
02001067320258060158;
00099840620168060163;
02017322520248060171;
04795967420108060001;
07234118920008060001;
02001002120258060173;
02010851720228060101;
02003358520238060131;
02009225920248060168;
02023268920238060101;
02059796120248060167;
00115909420108060158;
00065508920168060104;
00103311220258060167;
02030328220248060151;
00528492920168060071;
02000248520258060176;
00066936220198060043;
02006129020258060112;
02045049620248060029;
00503738420208060133;
02427395620238060001;
00000498220178060202;
00548887020168060112;
02003549320258060043;
00050808820128060160;
00501213520218060040;
00010958320198060090;
02008233620248060121;
00277436320188060049;
00106824620248060158;
00530441220218060112;
02019407920238060062;
08000075320238060181;
00400830320188060158;
02730615920238060001;
02104657320228060001;
00510991120208060084;
00295649020188060053;
00422190320148060064;
02011719820248060171;
02000460220258060126;
02007861620248060054;
00008452020038060055;
02000264920258060081;
02004572020248060178;
02010854220248060167;
01741031920158060001;
02007498620248060054;
00081562620198060112;
02012507320248060043;
00172166120168060101;
00164309720188060084;
02004959320238060169;
00068225320108060182;
00010582720138060200;
02002012420248060131;
02000164120258060166;
00003694620188060187;
02013726420248060115;
00162455920188060084;
02578383220248060001;
02001444520238060097;
04690692920118060001;
02005649120248060169;
02012537520238060071;
00039652120068060167;
00369806120248060001;
00510208120218060121;
02063450320248060167;
02002017020238060127;
00033159620198060173;
02009501420248060043;
00128455320178060090;
00035117520058060070;
00016463720098060115;
02005748320228060112;
00100959720248060069;
02000699220248060057;
02052751920248060112;
00453425420178060112;
02003186420258060071;
00101416420188060112;
00101997020248060043;
02863592120238060001;
02063246120238060167;
02225075720228060001;
01759935120198060001;
02060489320248060167;
02004039020248060069;
02275539520208060001;
02023342820248060167;
00114542820158060092;
00077327520098060001;
00003735520118060211;
02000674620258060071;
02002102220258060043;
02006133120228060096;
00005620820058060158;
00465033420158060221;
06444149220008060001;
02008896920248060071;
02389687520208060001;
00047280220158060104;
01980688420198060001;
00100802220248060169;
00100804720228060054;
00706648520198060151;
02006424220228060109;
00001343320098060175;
00004324320188060067;
04036015520108060001;
00127810620198060112;
00789547420078060001;
00182466420188060133;
02013579520248060115;
00501817720218060114;
00027615620178060069;
00100699120258060028;
02005739220248060059;
00027176120118060032;
02054233020248060112;
02056857720248060112;
02006356520258060167;
00134716720148060158;
00504569220218060092;
02038282520248060167;
02029907920248060071;
02010854220248060070;
02035562820248060071;
00500751120218060181;
02008077520258060112;
00100485720248060091;
02003443520248060059;
02000151320258060051;
02122189420248060001;
00100654620258060160;
02741629720248060001;
02001093920258060122;
00513134820208060101;
02002163320258060171;
00501091620218060171;
02274719320228060001;
02000655520228060112;
02058843120248060167;
00502122020208060151;
02000303020258060132;
00052433420148060084;
08000198320238060111;
02004164820248060115;
04872195820118060001;
02006215520248060090;
00158948320168060043;
02002869720238060081;
02010774920248060043;
00116916220158060092;
02764995920248060001;
02009385120228060081;
01095436320188060001;
00500972720218060098;
00003016420168060188;
02064767520248060167;
02002938820228060028;
02005537120248060069;
00509873420218060043;
00001040220148060214;
00172884720228060001;
02010368320238060151;
02008236320248060112;
00103511220238060122;
02004145220248060059;
00385066320248060001;
02018955420248060090;
02036969620238060071;
02663547520238060001;
02015239320228060052;
02012177020248060112;
02437754220008060001;
02003556720228060113;
00000676820108060099;
02044308420248060112;
00503385820208060058;
02318256420228060001;
00094677520138060043;
02004376320228060157;
02001165520238060169;
00073662620178060140;
00120406320198060112;
02009886820248060126;
02007549420258060112;
00100991520188060112;
00290586620248060001;
00007389320198060061;
00885672120078060001;
02006817220248060043;
00102959420218060171;
02007074320248060052;
02006824120238060092;
00447013720138060167;
00303717620208060171;
00096045720138060043;
02000171720258060169;
00100331720258060168;
02368006120248060001;
02003805220248060132;
02026953020238060151;
02005106520238060168;
00117975820148060092;
00034659520138060041;
01067808120158060167;
02009715120248060055;
00059540820168060104;
01961954920198060001;
02053416220238060167;
09099911320128060001;
09056859820128060001;
00097725920138060043;
00092399520118060035;
00510882720208060069;
00072913620188060177;
00111166420228060171;
02005658520248060069;
02008888320238060115;
00506474720218060122;
02016687720228060173;
00023474520008060169;
02011067220248060052;
02002912320228060092;
00050226620158060100;
00082181920158060173;
02012857520228060084;
02580927320228060001;
00500573920208060079;
02001115920228060107;
02065985920248060112;
02000543420248060119;
02030496720248060071;
00079657220118060043;
00121750720218060112;
02063803120248060112;
00136740620008060001;
03887401620008060001;
02007574920258060112;
00503307420208060028;
02018318820248060043;
02005731520238060096;
00083844920138060164;
10100669420258060101;
00052295320188060167;
02001719820248060127;
02062062220248060112;
02037575720248060091;
00040535120098060071;
02000283620258060043;
00506031920218060028;
02296286820248060001;
05924107820008060001;
02003065020248060050;
02007023820228060069;
01218405420088060001;
00003932620138060195;
00511197120208060158;
02009877720248060128;
02004828220238060173;
00003183620178060198;
02586524420248060001;
07365683220008060001;
02000778620258060040;
02550617920218060001;
02000176020258060090;
02015306320248060166;
02002577020238060041;
00601855820168060112;
02315854120238060001;
00502691320218060051;
00239599420188060173;
02061237420228060112;
00007564720138060216;
02072501320238060112;
02014357520248060055;
00002092120188060187;
02014893420248060122;
00132065120158060119;
00056563520128060143;
02000045320258060028;
02012381420228060113;
05624455520008060001;
02494533220238060001;
00039253320108060156;
00500785820208060097;
02026776320228060112;
02022301820248060173;
02000801520258060081;
02014314120248060151;
00372135820248060001;
05174506820118060001;
02000649120258060168;
02013865120248060114;
00359681920148060112;
00497047320148060090;
02004881720248060121;
02000287120258060096;
02002923120238060073;
04444805620008060001;
00351920820078060001;
00104187020228060070;
00500362720218060112;
00150695620258060001;
02004107620248060168;
00085234920068060001;
02025984520248060070;
02024854220248060151;
02005521420238060169;
02005841420228060182;
00504544220218060151;
00500669420208060145;
00327169820248060001;
00510761720218060121;
02008983420228060028;
00049997020008060028;
02478750520218060001;
00205762820078060001;
00272476420188060136;
01110253220078060001;
00002368420088060112;
02001223020228060094;
00004952320128060150;
02001864720248060069;
02037864120228060071;
01619686720188060001;
02002085820238060096;
02058289520248060167;
00367078220248060001;
00109311820248060151;
00101762720248060043;
00500692720208060120;
02004329320238060096;
00111444820088060001;
00076576020168060140;
02020900220248060167;
02024737720248060070;
00011999620198060180;
00106597020248060071;
02000799320258060157;
04600499720008060001;
02007127620228060168;
00487667820148060090;
02000151720258060179;
04629321720008060001;
00061143020158060084;
02003062320248060059;
02005967320228060167;
00021085720158060123;
00105632920138060075;
00099767620128060128;
00081787720148060171;
02003608920228060113;
02883267220218060001;
00080990820198060112;
02012047420238060090;
02001937520228060112;
02000286120238060025;
02007293020248060108;
02004967620228060181;
02005191820248060095;
00385724320248060001;
00065588620078060167;
00501544420208060142;
02008101420238060043;
02050344520248060112;
02007797320228060028;
02271696420228060001;
02017864120238060101;
09162955720148060001;
02020310220248060171;
00509902620218060160;
00288702120188060151;
00157507520178060043;
00503803720218060167;
06721889720008060001;
00159011920178060115;
00006812620078060181;
00117438020248060112;
03204678220008060001;
00055640220158060095;
00022664620158060145;
00085586720148060182;
06212596220208060000;
01703655220178060001;
00101838720248060182;
02850705920008060001;
02002621420238060067;
00100081020258060069;
02012062320228060173;
02310005220248060001;
01826863220118060001;
02000854120258060112;
04478747120008060001;
02070559120248060112;
00120666120198060112;
02010123020248060051;
08892160620148060001;
00502647220218060121;
02000111020238060030;
02008020320248060043;
00027789220178060069;
00086922120188060064;
02001004420258060133;
02648746220238060001;
00523288420168060071;
02007640720228060028;
00236775620188060173;
00104533020228060167;
02003316620258060070;
02001795720238060112;
02002205320258060112;
02008659620228060043;
00093580220118060053;
00029499520128060078;
02000024920248060083;
02017782320248060071;
05050917220008060001;
00027083020008060212;
02000588120258060169;
02000063520258060121;
03158265120008060001;
02000614820248060047;
00502024020208060162;
00089823220158060164;
02002406120258060171;
02002060920248060111;
02007521920228060084;
07466529220008060001;
00121161420248060112;
02005176320238060069;
02760296720208060001;
00101823820118060092;
02064049320238060112;
02002596120258060173;
02008887120248060043;
03504702020008060001;
00123141420138060055;
02004314220228060097;
00240866520108060091;
00706149620198060171;
02004776920248060094;
00100366720228060041;
00103486620248060043;
02020635320238060070;
02018963920248060090;
00061359020198060043;
02006228020248060109;
02551650320238060001;
02043058220238060167;
02701105820248060001;
00027124020178060093;
02000426620258060157;
00506471220218060166;
02046431920248060071;
00502226120218060076;
01464594820088060001;
00181815620198060029;
00528768720218060151;
01569690820178060001;
02030461820248060167;
02008006920238060107;
02005857320228060028;
02005072520238060067;
02151569620238060001;
00060790620128060107;
02005096920248060128;
00013452420158060069;
02023934720238060071;
02011273920248060055;
00079911320188060112;
02008891820238060164;
00132266120178060090;
02004788920258060071;
02011245020248060034;
02002493820238060124;
02503592720208060001;
00213993120098060001;
02001484420248060163;
02024636420238060071;
00036378720008060107;
00032622720068060091;
02016445420248060084;
00536893720218060112;
02006907020228060086;
00018721520108060145;
00106642520248060158;
02005462020228060176;
02070800720248060112;
02001392120248060151;
02001815920228060145;
08000274920248060168;
00101635820258060151;
01019747920168060001;
02002388720258060043;
00100883420248060028;
00567455420168060112;
02000336820258060169;
00080357620178060141;
02003590720248060058;
00006348820188060109;
00415194320138060167;
02004759620248060095;
02005069720248060069;
02808698120248060001;
02008951220228060115;
00461276020158060023;
00212882720218060001;
02119582220218060001;
02020838920248060173;
02060717320238060167;
02003172720248060132;
02016915420248060043;
02000257720258060109;
00570818220218060112;
02000107620258060055;
04971075120118060001;
02015126020248060160;
01755825220128060001;
00067455820198060043;
11000206620258060097;
03744258020008060001;
02000290420248060157;
00100065920258060095;
00000568020108060053;
02000786820238060096;
00123441920168060128;
02002657020258060043;
00120929220058060001;
02012234720248060122;
02003446520238060028;
02781307220238060001;
02000554920258060130;
02005479220238060168;
00394835520248060001;
02002609120248060040;
02017584320248060035;
00100381520258060176;
04779829720118060001;
02070619820248060112;
02000188720258060173;
02062378420248060001;
02003170320248060043;
00082880920158060182;
02001994320228060125;
00028101220008060096;
02058497120248060167;
02008596820248060092;
01152158620178060001;
02007986120238060055;
02004917620248060054;
02005198220248060106;
02004459120228060043;
01889565820008060001;
02666621420238060001;
00505278520218060095;
00503266420218060040;
00705131920198060055;
02067166420248060167;
02000104520258060130;
02005782620238060132;
02003970820238060073;
00102557120138060049;
02003389520248060069;
00065924420108060171;
06480558820008060001;
00092130220158060086;
00503775820208060154;
02000128520238060097;
00004734820188060216;
05668486720008060001;
00614413620168060112;
02866938920228060001;
00648181920008060001;
00014168520198060101;
02070451820228060112;
01987443220198060001;
00100156120258060114;
02012022520228060160;
00102805620248060160;
05069450420008060001;
02056771620228060001;
02000206320258060171;
00512645420218060171;
00013917120198060166;
00408677320128060001;
02001294920248060127;
00002984720148060199;
00159009020168060043;
00503097820208060164;
02001926120238060175;
00006697320078060096;
00084870220118060043;
02001583520228060171;
02013242120228060101;
00505581520218060028;
02014868720238060163;
02009530820228060182;
00100484420258060181;
02004890920248060151;
02007608620238060075;
00091071520118060075;
01780262420138060001;
00087567020198060169;
02309523620008060001;
02008833220248060081;
00047478220158060144;
01016978420158060167;
02009179520248060181;
02003090520258060071;
01372729820178060001;
00501444520208060030;
02413231920248060001;
02044685420248060029;
00100922620248060043;
00509333120148060167;
02000705220258060054;
00493534220158060001;
00014026220198060114;
02462714320208060001;
08356720620148060001;
00075206020158060028;
02004007720228060111;
02002765220228060125;
00378039420118060064;
02003815620238060040;
02010313520238060095;
02000605420258060168;
02044657820238060112;
00104682720158060043;
02000763320248060074;
02007254020228060115;
05446830620128060001;
00018202720008060094;
00106440920178060181;
02001932420238060053;
02013121620248060043;
00269942020238060001;
02003607120238060043;
02477962120248060001;
00027450420148060168;
02001186020258060167;
00515481920208060035;
02016877520238060035;
02007236020238060107;
02008125520238060181;
02015696120248060101;
02433980220228060001;
00160524420188060084;
02037161220248060117;
02004286620228060104;
02000580220258060066;
00124542020148060053;
00010717820008060039;
00006854920158060192;
02006966920248060066;
00164517120168060075;
02008382820248060081;
00509279320208060173;
02016594920248060043;
00067191720128060169;
02004421620248060028;
00510939420208060151;
02012065220238060055;
02783426420218060001;
02006168320228060096;
02002682620248060151;
07437731520008060001;
00008676520008060158;
00462415220178060112;
00681551620008060001;
02066940620248060167;
00001439020138060195;
00008138520148060198;
03642823220008060001;
02062659220248060117;
02002484220248060181;
01540857420158060001;
02751415920248060001;
00509215620218060107;
02030230620238060071;
02020242720238060112;
02003419420258060043;
02000882620248060081;
00035749120108060178;
00002963420178060147;
02013375020248060133;
02006129720248060121;
00012422420078060028;
00103285720228060104;
02014842520248060053;
02362538920228060001;
02003079620238060041;
00082886720108060090;
00149361520058060001;
02000467620258060166;
02011660320248060163;
00096275320118060049;
02023433820248060151;
02009395820248060051;
00002946420158060202;
02004968320248060059;
02009874220238060151;
02006393320238060051;
00010289820198060129;
00430019420138060112;
00054602620128060156;
02001690320238060083;
00014076820008060173;
00050663220008060029;
02003013620228060070;
02074103820238060112;
02018343020248060112;
02016291420248060043;
02007166020248060163;
02649360520238060001;
02005518920248060170;
01072680720158060112;
00089994320108060035;
02403867720228060001;
01016462320148060001;
00428609820058060001;
02006258920258060112;
02004435820248060106;
02001952920238060203;
02000294520258060132;
02007930320238060164;
00514861620218060173;
09032837320148060001;
01666449220178060001;
00008829720138060216;
00029210920138060106;
02015323320248060166;
02685528520238060001;
02003071620248060121;
02001267220238060081;
02012216520238060299;
02001803720258060091;
02000502720258060130;
00000246920178060202;
00040574420158060050;
02002157420228060164;
02023869220248060112;
00702106120198060101;
02004081720248060133;
00099433420118060092;
00571565320218060167;
00353203220248060001;
00006130420168060200;
02013953220248060043;
02001399220238060074;
00102364720238060168;
00441026820008060001;
00104963020148060075;
00002066220168060211;
01365175520098060001;
02014399420248060158;
02033865620248060071;
00515122520218060040;
00016047820008060090;
02035745720238060112;
02013381420248060043;
02000556620258060092;
02069877820238060112;
02004578920228060113;
00091997320108060092;
02006400820238060119;
02009159620228060181;
02077114820248060112;
00501588720208060043;
08000221320228060163;
00052270520118060143;
00127501820258060001;
02004157020238060124;
01694783420188060001;
02002705920258060151;
02005942920248060169;
00131598120168060171;
00051292820178060040;
02684425220248060001;
00030758120008060106;
02005146820248060168;
02021428020238060151;
00312619820248060001;
02008327220238060043;
02001984020228060034;
00177026520188060169;
00409651620128060112;
00080835420198060112;
00114867720248060137;
00001386220178060184;
02002372120258060167;
02030430520228060112;
02000911220258060124;
02017582720238060084;
02016802520248060043;
03986822320108060001;
02004759420248060128;
00024064220118060106;
02000970620258060096;
00022726020008060151;
00859563220068060001;
00063713520138060081;
00971429220158060112;
08000312320238060168;
02009644020228060181;
02001473020238060087;
02000481820258060143;
00212818820178060158;
02001706620238060057;
02153818220248060001;
02003580420248060161;
00759531820068060001;
02009089020248060066;
04154082420008060001;
02008657420248060157;
02006199220238060099;
00038320620178060098;
00569841420218060167;
02025168220248060112;
00076232620158060171;
00120371020068060001;
00001326520128060205;
02007884220248060100;
02117773120158060001;
00880109320158060117;
00073578020158060028;
00014274020198060158;
02022641120248060167;
00100179620258060157;
02003429520238060028;
00107333820248060035;
02000697120238060043;
00099446020198060117;
02004790620238060181;
00002415620158060211;
02023168620248060173;
00503319820208060112;
00010049720198060120;
01795501720178060001;
00618926520008060001;
02556353420238060001;
02023257120238060112;
00058422320198060043;
00111758620248060137;
02006588920248060120;
02008536020248060157;
00008016020098060032;
00026305820198060151;
00102304320258060112;
00070871320068060112;
00100991820258060064;
00060478720128060143;
00007603620088060127;
02006289720228060096;
06393137420008060001;
00100527720258060053;
08416757420148060001;
00514006720218060101;
02001049520258060096;
00083825220138060173;
00974819220158060163;
02027881220248060101;
02001004320238060059;
02233250920228060001;
00544068820178060112;
02050673520248060112;
00062858720198060167;
02002143520248060127;
00663098520058060001;
02006443520238060090;
02006751020248060126;
02003421420248060076;
00505686420218060091;
00000546720068060145;
02002252620238060151;
00153099820178060171;
02007514220258060112;
00101624720118060092;
02017158220248060043;
02055219620238060064;
00389864120248060001;
02002105020248060045;
02006706320248060101;
02003573220248060092;
07087553020008060001;
02004879120248060069;
02004652020248060041;
02008299620248060168;
02012644420248060112;
02011534420228060043;
00524388120218060112;
02081735220218060001;
03773383520008060001;
02046098620228060112;
00560032320068060001;
00512214820208060173;
00064233820198060043;
00036189020188060094;
02006916920238060070;
00491519020008060001;
00118693120158060053;
02016286520248060031;
00504366920218060038;
02020419520248060090;
02008888420248060071;
02045557820248060071;
02011208320248060043;
02002248120238060073;
02012706420248060043;
02295548220228060001;
00098681220128060075;
02072420220248060112;
00048587820158060140;
02001708920238060114;
00103366720158060043;
02000040820258060043;
00967407720158060090;
00763310820058060001;
02017195420238060173;
02000835820258060181;
02000499020238060169;
02006162920248060059;
00112382420188060137;
00012551820198060120;
02001055720238060094;
02004883620258060071;
00526760520168060071;
02059524920248060112;
02803596820248060001;
00006321120078060043;
02001339220238060104;
00096527920148060043;
01198096120088060001;
02947560620228060001;
00040255920118060121;
00105263520128060043;
02000643820228060058;
00502119820208060130;
00021936020118060098;
00101769720238060031;
00514979420208060071;
00194175420248060001;
02017084320248060091;
00093234420168060028;
00113976020158060043;
04097883120008060001;
02537100320238060001;
00482263020148060090;
00000509320098060090;
00002856320198060202;
02002133520248060132;
02002165720238060121;
02068933320238060112;
00034484120148060068;
02743685420008060001;
02002355720248060047;
01941553620158060001;
00107596120148060043;
02002703820248060040;
00505268620208060111;
00110214320128060055;
02002530520228060094;
02001721120248060151;
02013457420228060043;
02011781320248060035;
00080586920088060001;
02030956420238060112;
00114691920248060112;
02315415620228060001;
02000276220228060041;
02005727620248060134;
02012329220228060117;
02065295620248060167;
02076205520248060112;
00314281720158060071;
02007496020248060095;
02003318820248060171;
02005143420258060071;
00375938120248060001;
01543267720178060001;
02012263220248060112;
00590937320058060001;
02000777520258060173;
00021591920048060167;
00166656620188060051;
02703594320238060001;
02694708920238060001;
00009821220198060129;
02036689420248060071;
00508088420218060113;
00056314620138060156;
02001744120258060055;
02829252420238060001;
02006627920248060168;
02005882720248060038;
02002568420248060030;
02000777720258060043;
02000617220258060157;
02007094520238060182;
00102793820118060092;
02055861020248060112;
00081123220128060086;
00098830520188060096;
02003628220228060170;
02063300520248060112;
06660874420008060001;
02002809220248060069;
00124764620248060112;
06940693320008060001;
00504045120208060086;
02006282620248060097;
02008931520248060166;
02006132020228060035;
00500068120208060029;
00032206620198060173;
02003159620258060043;
02005737720238060043;
00059886320168060142;
02018405120248060075;
02003794320238060119;
00031926820148060078;
02702433720238060001;
02803069220218060001;
00096644820118060092;
00121024320118060158;
02006409120238060059;
00008916320188060158;
02000239120258060179;
00501747520218060182;
00046156820088060112;
01536668320178060001;
02000910720248060040;
02001206720248060069;
02056562720248060112;
00093998920148060173;
02619582120248060001;
02016838120248060171;
08982215220148060001;
02007932620238060124;
02002851120248060168;
02003699620248060043;
00105649420248060053;
00380562320248060001;
00052224720198060031;
02172793320248060001;
01323710520088060001;
06274242620008060001;
00009016420128060111;
05067329520008060001;
00000827920008060166;
00522072020218060091;
02003018720238060074;
02003920620248060055;
02009800220238060167;
05577246020008060001;
00189804420178060070;
02003011720228060044;
00095652620148060043;
00009256220068060092;
02003289520258060043;
00520035420148060112;
08877256120148060001;
04391048920008060001;
02659803020218060001;
02004505620248060104;
03700937020008060001;
02003916320228060096;
00022868020198060150;
00093230920128060182;
02005709820248060169;
03895309720008060001;
00037596920178060054;
02859371220248060001;
02012435920248060115;
02000564720258060158;
00019123120198060161;
00074061620118060173;
02824492020228060001;
01831075120138060001;
07561250520008060001;
02000805120258060166;
02000480620258060050;
02067445020248060064;
00010162420068060167;
00042028620138060045;
02004464220248060161;
00473544120168060091;
00116442120258060001;
04887862720118060001;
02008405820248060158;
02002046020248060104;
02003907620248060074;
00206984020168060158;
00102770220228060054;
00005219420098060095;
02002141220228060125;
02010146620248060126;
02296881220228060001;
03049807220008060001;
02028499720248060091;
00014773420198060104;
00112586020248060151;
00010224920188060122;
00009606620138060192;
00509687120218060158;
02169468120248060001;
02006587220248060158;
02001484620258060151;
02011738320248060166;
00357871120248060001;
00659050620168060112;
00100524720258060160;
02634098120248060001;
02004425020258060167;
00055599120198060142;
00060361420158060156;
00011516120198060173;
02789903920248060001;
00501397320168060091;
02008456220248060164;
02029872720248060071;
02003455020238060125;
02229374320218060001;
02008134520248060168;
02003157220248060127;
04520102820118060001;
02000189620238060128;
00001637120078060040;
02057916820248060167;
00023030420008060144;
08511167920148060001;
00100422320258060121;
00501732420218060107;
06794024220008060001;
02000523420228060087;
00101254720208060175;
02044425620248060029;
02037673820248060112;
01996047720128060001;
00103169820248060160;
02001900920238060073;
00102788420228060054;
00112239820158060092;
02253797920218060001;
00026263920168060082;
02042032620248060167;
00106414220138060101;
00176294720188060055;
00100924220248060070;
02044050320248060167;
00509352520208060091;
00025086820118060040;
00568915120218060167;
02009017420238060053;
00504222020208060071;
01559356120188060001;
02076369020208060001;
02004504120248060109;
02000917520228060040;
00048450720008060043;
00500844220218060061;
00557896120088060001;
00003097120188060123;
02028024020248060151;
00076674520158060171;
02011061820248060070;
02011571320248060043;
02024685520248060070;
00102241020248060132;
00110723720248060151;
00000217020188060173;
02005781820238060070;
02000149720258060028;
00103611820258060112;
02137053620238060001;
02065449320248060112;
02002965020238060176;
00012769620088060049;
00112391120238060112;
01644598120178060001;
00094413420128060101;
02077703620248060112;
02005959720248060109;
02012753220248060158;
00389899320248060001;
02000503420258060160;
00530505820178060112;
02011510420238060055;
00101451120118060092;
00145574520188060122;
01460023520168060001;
02006040820228060181;
00102352220228060128;
02000793420238060070;
00802218120078060001;
00505097920208060166;
02016897120248060112;
00361353620148060112;
07746962420008060001;
02012647620248060166;
07015911420008060001;
02004505820248060071;
02015458120228060043;
00523627420218060171;
02006362420238060069;
00112666820128060115;
02018756320248060090;
00582994820218060112;
02007696320258060112;
00515068020218060084;
02011231620248060115;
00051300820128060066;
02001569220248060107;
02010760420248060160;
02000033520238060094;
00556724720168060112;
00049608620148060156;
00501507020208060121;
02015199020248060115;
00510305520218060112;
00091610620168060107;
02002753420238060157;
00343295620248060001;
02662557120248060001;
02012808620248060115;
00504551320208060167;
00054969520178060155;
02017351120238060075;
02000076720258060170;
00500576420218060027;
02074436220228060112;
00513538120208060084;
02463808620228060001;
02001381020238060074;
00044684620008060169;
00112235120158060043;
00507601620218060117;
02004774520228060157;
02012250220228060182;
00500595220208060097;
02003339520238060170;
02009815020248060070;
00049828220108060028;
02007961720238060112;
00026316620178060069;
02031272720238060029;
00502468920218060076;
02000836720258060081;
02004243820248060143;
02007947220248060157;
02000291720258060109;
02001093020248060104;
02003258520238060181;
02048448220248060112;
00030433120158060145;
00001631020168060217;
00006824720188060109;
00230855420138060151;
02003108620248060115;
00090635820178060051;
02000547520248060170;
00095965220188060028;
00101587920228060106;
02592214520248060001;
00024381220198060027;
02014239720248060043;
00102257220118060092;
02010370820248060095;
02008401520248060043;
02004891320228060043;
02001790720238060161;
02000763120258060128;
00040221520038060112;
04181528920008060001;
00001502220178060202;
02000323120258060057;
00137777020138060158;
00014356220188060122;
00505027620218060029;
02004687020238060053;
02000213020238060038;
05182361520118060001;
02025654320248060171;
00100987220138060090;
02018521720238060070;
02006986520238060101;
02009127020248060182;
00093992820158060182;
02005448020248060111;
00503647520208060084;
02001047020238060030;
02001983220228060069;
00100082820258060160;
02019721020248060043;
02016321520228060115;
02000329320238060059;
02027573620248060151;
02006902120238060091;
02010757920248060043;
00105719820238060028;
00525351020218060071;
00035652420168060145;
02011032320248060051;
00604404420058060001;
02015474520238060163;
00502089020208060180;
00041598120158060142;
00500552320218060180;
00023043520198060075;
00104624220248060160;
02063139520248060167;
02556344920238060001;
00003363520058060115;
02002711520238060054;
02000211820258060181;
02044782820248060117;
02013196920248060055;
02019687020248060043;
02065480420228060112;
02037052420248060071;
00092596220178060169;
02002349520238060083;
02000176220238060112;
00046117820178060059;
00085227720178060066;
00055816820138060140;
00310671520208060171;
02005306120248060058;
00008674020188060124;
02003503020248060160;
00513060220218060043;
01745232420158060001;
00083323820058060001;
02007527120238060120;
00108051020248060137;
02003576120258060071;
02011445720248060158;
02004445320138060001;
00092520220158060182;
00011786620198060101;
02008181820248060055;
00102143520248060303;
00504797920058060001;
00521047920218060069;
02705491120208060001;
02047538920248060112;
00002761520168060200;
00100663720258060158;
00550364220208060112;
00054019320008060112;
02003125620248060115;
00145904120118060070;
02022314720248060029;
02006713720248060040;
05049575920118060001;
00633946320058060001;
02004881320238060069;
01063677620188060001;
00092763520168060169;
00137987720198060112;
02003038220258060043;
00300818020198060079;
02004078420248060051;
02001678520258060043;
01360526520178060001;
00028061020198060160;
00008694520058060001;
00127225020258060001;
00027326520168060093;
00079650920128060182;
02063347120248060167;
02015055020248060166;
02012509420248060133;
00000500720098060054;
02001558920238060092;
02015312620228060293;
00548329420078060001;
02007559020248060055;
00029580720068060001;
02002412620238060071;
02013505220228060090;
02012385720238060055;
02001673320248060104;
02006376620248060168;
02006566020238060151;
00123397820248060075;
02009076020238060157;
00003625920188060153;
00091325620158060182;
02000501020258060168;
02000367020258060121;
02000571920258060130;
02010173820238060164;
00508103720218060054;
00100065820258060160;
00001716820188060038;
00517033920218060115;
02007026120248060071;
00025648820008060169;
02005143820248060081;
01153364620198060001;
00039662020158060125;
02002608920248060170;
00296315520188060053;
02613078620248060001;
00043966220178060040;
02011269020248060043;
00001849320188060094;
02003882920238060111;
00223820320008060112;
00101918020238060091;
02032169220238060112;
00224819720098060001;
02002846520238060134;
00080344320188060081;
00308082220168060151;
02002411320248060161;
00380597520248060001;
02019987920248060084;
00078140920118060043;
02009748020248060095;
01889002920178060001;
02006123620228060164;
02000238520258060181;
01531327120198060001;
02015241120238060160;
00004891720068060153;
02002834420228060125;
01292714220088060001;
00516991120218060112;
02007600420258060112;
00512563120218060154;
00335835820058060001;
00091314320118060075;
00101353520238060095;
02755117220238060001;
00511059820218060143;
02153674020208060001;
02005590820228060115;
00005383820188060153;
00056945920178060050;
00063153020148060028;
00101741420238060101;
02023393520238060151;
04005728420168060001;
02628927620248060001;
00513138920208060055;
02081463520228060001;
01252657420178060001;
00516850720218060151;
00002181220198060069;
02113364020218060001;
02008174320248060181;
00104688720248060115;
02006125620248060070;
02000209420258060096;
00104259820248060100;
00103597720258060167;
00038585720188060069;
02006499520248060066;
02002589720248060145;
02009654220238060164;
00506477720208060091;
02001675820248060128;
02040005320228060064;
02004115620238060181;
00000755520058060217;
00043308220008060071;
02003625620238060038;
04230300820108060001;
02010259120248060095;
02010669820248060114;
00522545420218060071;
00012681020098060171;
02061115520238060167;
02006500220238060168;
02065209420248060167;
02002309720258060112;
00062624120108060173;
02050060920248060167;
02066618420248060112;
00281337020248060001;
02063955720158060001;
00103329420238060028;
02001558720258060070;
02001733120228060162;
02000452120258060157;
00500336420208060029;
02026752520248060112;
02005656420238060055;
00244443020108060091;
00357985220118060112;
02015572720248060043;
02047229820248060167;
02007591820248060156;
06067598620008060001;
00500495820218060069;
01190601020098060001;
02032876020248060112;
00986824420158060091;
02004031020248060031;
02024267420248060112;
02003523820238060094;
02014192420248060055;
02009806720238060113;
04418701820008060001;
02005501320248060168;
00224791120188060164;
00100530920248060179;
06027005420208060001;
00023952520148060165;
02539092520238060001;
00068983220188060074;
00505529620218060128;
00101603120188060028;
00174558420188060169;
02004681520248060157;
00101127220248060057;
01244337020198060001;
00029104420158060159;
00100383020258060171;
00471991220168060035;
02003797420228060120;
02012997120248060122;
02000196120238060167;
01205242520168060001;
00103972020118060090;
02003239320238060059;
02011169520228060114;
02504983720248060001;
02003691520258060091;
00101698120248060157;
00003245720188060182;
02000376520258060053;
02000111120258060104;
02012756120228060171;
02051652020248060112;
02003391620248060058;
02015427120248060071;
02009258520228060070;
02800143420208060069;
00540943120218060029;
01080982520098060001;
00012679720198060163;
00148353020168060053;
02619349020248060001;
00080817720148060171;
02005500220248060107;
02002049220248060158;
00013493220138060069;
05500317120218060071;
02000724620238060101;
00102327320248060071;
02000200320258060094;
06978437120008060001;
00523323620218060075;
02007483720248060043;
02651258020238060001;
02004632220228060073;
02009600320248060126;
00092731620158060137;
00002882020198060169;
02001017620238060043;
02024208020228060001;
02013563420228060163;
00002308620058060143;
00057091220178060120;
00043027220178060054;
00054189420198060167;
02589901820248060001;
00082641420158060171;
00503235520218060058;
04638226720118060001;
00108399420218060167;
02756179720248060001;
02133259120158060001;
02014660520228060043;
02006884620258060167;
02018044220238060043;
02000352620258060173;
00482525720168060090;
02051432520238060167;
08000047220258060070;
00150449220178060043;
02001640420238060043;
01838168120168060001;
02015941820248060055;
02000605320238060094;
00067724120198060043;
02057535620248060167;
02038245620248060112;
00014671020008060054;
02013531120248060163;
00322123620128060091;
02000725320248060055;
02542415520248060001;
00161095920168060043;
00117654120138060075;
02060763220248060112;
02005261120228060182;
00507688220218060055;
00172841820178060055;
00474334620178060071;
02012715020238060151;
02004741220238060107;
02402943120248060001;
02003622320258060091;
00110657820258060064;
02006154420248060059;
00143093020178060182;
02005903720238060133;
02006114620248060143;
02006349820248060043;
02045728820228060167;
02006743220248060059;
04515286620008060001;
00503182020218060030;
00067966920198060043;
02001626220248060087;
02006293220238060069;
02002197120238060069;
00054767220118060169;
02000722920258060181;
00051989420168060040;
02567569720238060001;
00506112720208060126;
02001935520228060054;
02009472620248060054;
02014570920238060043;
00031456920128060109;
00009229720198060142;
02005865520228060126;
00502792020218060031;
00463796320158060023;
00504999320208060179;
02030554520228060071;
00053870820178060050;
00104409320248060156;
02051505120248060112;
02539101020238060001;
02001222620238060181;
02002896320238060045;
00363749320128060117;
02002110720258060043;
00106210520238060100;
02005265920228060069;
00200395920198060147;
00158336920178060115;
02001316420258060133;
00035591620138060050;
02005635220238060069;
02003434820248060092;
00007432820188060069;
02000212620248060028;
00505876020218060062;
00007437420148060196;
02091480620238060001;
02023282120248060070;
00102822220248060032;
00110988920228060091;
02009797720248060071;
00024618120008060169;
02002877620248060104;
02003644020248060119;
00103048920248060029;
02000353920258060104;
02000228320258060122;
02152752320248060001;
02604244220248060001;
00546078520148060112;
00024755920008060171;
00003747820078060082;
02042847220248060167;
00112527120168060171;
00001285620158060194;
00403256020128060064;
08000127520238060084;
00002842320148060180;
01866346920178060001;
02000409820228060061;
00035405920148060087;
00586242720058060001;
00007016620188060040;
00087617020168060081;
00263269320188060043;
06048171920008060001;
00040286020148060104;
00516088020218060059;
02006457220248060126;
02047427920238060117;
02883353420218060001;
00100751320258060121;
02000731420258060181;
00543366120218060167;
00100546020258060081;
04429553920008060001;
00059855920178060050;
00097230420148060101;
00007371120188060040;
02000772720258060092;
02030145220228060112;
02068081320248060112;
02373491320208060001;
00384961920248060001;
02018639320248060043;
02013794820248060053;
00031568920008060054;
01488531320178060001;
02001820520238060179;
04038384120008060001;
02000399520258060130;
02024135520248060151;
01733413220178060001;
00004127720098060096;
02000830620258060166;
04659582320008060001;
02680484520248060001;
05137898120118060001;
00095462520138060182;
00045676020188060112;
02068793320248060300;
02001404820258060158;
00109965020118060092;
02417741520228060001;
02024728020248060171;
02006995820238060066;
02000946120258060028;
03097779120008060001;
02000901720258060095;
00100043020228060084;
00510216320208060101;
00113571820168060181;
00105424820248060049;
00216187720178060158;
02029363820228060151;
02000713420258060055;
05667378320008060001;
02004496420248060074;
02013168720238060043;
00503899620218060070;
00001141020138060205;
00965819720158060070;
02005864220248060043;
02012657420238060173;
00276252720248060001;
02004589820258060071;
00088955520158060171;
01856842620188060001;
00503821820218060034;
00319573620158060071;
02012405020238060112;
02000992020238060104;
00000742220008060128;
02001728320248060030;
00005781220078060054;
00074075720138060164;
02002616620238060087;
00394956920248060001;
02704082120228060001;
00220555520168060158;
00103183120248060043;
00026368420068060001;
00101650220248060074;
02008949120248060071;
01610433720198060001;
00125454320168060182;
02000269420258060163;
02000236020258060157;
00123995620138060101;
02005536820228060125;
02000232120258060170;
02720898920238060001;
00002013020188060030;
02002976620248060122;
02000199420238060059;
03285940920008060001;
02006208120248060054;
02015480220238060043;
00005761720038060043;
02009042920228060032;
00039169020068060001;
02003012420238060095;
02005069120248060168;
00245886420108060071;
00100925320258060055;
02022406820248060171;
00077713020138060099;
02016234320248060031;
02002865920238060126;
02015304320228060163;
00530446720218060029;
02024441520248060171;
00461179320138060117;
00121493220178060182;
02004018420248060081;
00476067220168060114;
02004069420238060161;
00499168420148060158;
02002106720248060104;
02671324520238060001;
04837777020008060001;
02006357420248060143;
02024380220248060173;
02071344920238060001;
00123874220168060164;
02272715820008060001;
00021404820188060029;
05504173520128060001;
00507137020218060043;
02006207920238060066;
02000730720238060109;
02007878320248060156;
00025195420158060106;
00011343320128060088;
00526240720218060112;
02064732820238060112;
01332895720188060001;
02010785020248060167;
02003783420248060051;
00101272720218060128;
00036935620178060162;
02001144120248060043;
02015448220248060122;
00553270820218060112;
00297499220118060112;
00001574420128060184;
94661648520108060001;
02011543420248060051;
02790808720008060001;
00812495520058060001;
00377107220248060001;
02013477320248060043;
02000965720258060084;
00004648020128060189;
02471747820208060001;
00094081320168060163;
00504942820208060161;
02007892420248060101;
02006158620238060121;
02000462420248060130;
00098396520008060112;
00027537020148060106;
02609103220218060001;
01591813120198060001;
02002747920238060050;
00119440920128060075;
00648077820178060167;
02000476120258060166;
02003645620258060070;
02018076420248060171;
02004378020248060161;
00106591020238060070;
02018797920228060055;
01207497420188060001;
00101339420118060092;
02004063620248060169;
00506530620218060041;
02003103920238060045;
02001216020258060055;
02000871420238060166;
00158427320178060101;
02000579620258060169;
00058985820198060107;
01710182020188060001;
02003649020258060091;
00001665120148060211;
02006474720238060168;
02054671520238060167;
00501476220208060074;
00040727220118060108;
02037087620248060071;
00102072420198060075;
00502627420218060098;
02002149820228060161;
02264115720008060001;
00349375420248060001;
02067146520248060112;
00054225420108060133;
02005117920258060071;
00052436820168060050;
00516643420218060053;
04737495720118060001;
02030281620228060151;
00062359620008060112;
00103167820238060178;
02000506820258060084;
02007984720238060092;
01458031320168060001;
00000856120128060215;
07562714620008060001;
00119333720188060182;
00504916520218060120;
00100518020258060154;
02009975720238060096;
02029235120238060071;
02008750320228060121;
02000740220238060041;
02756450820008060001;
00003110920168060027;
02003295120238060043;
02004242920258060167;
02395284620228060001;
02004009520258060071;
00004600320088060086;
00505413520218060171;
02010597820228060049;
02040271820248060112;
02000645620248060094;
00056902220178060050;
00100877720228060106;
00103022920148060043;
00056969220158060084;
02001379420248060169;
00550676720178060112;
02009693620248060070;
00834479420078060001;
02007367320248060091;
00006229320168060190;
00003586420178060215;
02558978120238060001;
02003577120238060058;
02001589820248060095;
02015042120228060171;
00053477620198060043;
01366631820178060001;
02010189520238060043;
02004757720238060145;
02002609520238060050;
02010868820238060158;
02002794420238060069;
00104065120248060049;
02009722520238060167;
02792501920248060001;
02007822020238060181;
02001898920248060040;
02040768520248060071;
02003430820248060170;
02019996420248060084;
01543773020138060001;
00095546120188060041;
00106811320258060001;
00033187020178060157;
00092939520158060043;
00073378220008060071;
00122836020248060167;
00083288520008060062;
00102524320198060070;
02032757220248060071;
02008043520238060163;
00413367720128060112;
00357213120248060001;
02022780320248060035;
02013367220248060163;
00113887020248060112;
01058070320198060001;
00399751820228060001;
00012425520098060092;
00519495520218060173;
02004173720258060167;
00002051520178060188;
00090185220128060173;
02000819620248060125;
02004721120238060182;
00102935220238060043;
02245491120248060001;
01452340720198060001;
00142577420108060151;
07373556120008060001;
02009358320238060171;
00116034620188060083;
02052568120228060112;
02048017420248060071;
00507483120208060151;
00502753520218060143;
02002055920248060067;
00962291320158060112;
00199123120068060001;
00390593820098060001;
02003662620258060070;
00003346420048060062;
02002924920238060164;
02004980820248060171;
00085473620128060173;
02585380820248060001;
02001745920248060028;
02004343920248060028;
00546706620218060112;
02504282020248060001;
02001575420258060071;
02000729120258060128;
02001645420248060112;
02016119820238060084;
02027148220238060071;
02395498520238060001;
00008808620188060173;
02002846520248060058;
02005811620248060109;
01224766820188060001;
01528738120168060001;
02006193820228060096;
00102578220248060040;
00122645620118060055;
02002026220248060081;
02000957220258060084;
00501269820208060070;
00100570820258060051;
01560216620178060001;
00500821920218060111;
00075629320178060140;
02000333220258060084;
02006131320248060144;
00045003020188060069;
00053071020188060050;
00100898720228060028;
02000233920258060067;
02052851320248060064;
02037952420228060064;
02675273720238060001;
02003087320248060097;
02007731620238060001;
00299985620098060001;
02007736720228060157;
02003287120248060127;
02120202820228060001;
02000524220258060115;
02652086720218060001;
02000502020228060037;
02004442520228060070;
02055559720228060293;
02025300320228060091;
00101859020118060092;
04153289820168060001;
02647739320218060001;
00027392820198060101;
00102839520218060166;
01337075820198060001;
00003101320148060215;
00104025320128060075;
02012223620248060163;
02002853920238060073;
02000578420258060173;
02000677820258060028;
01816333520198060001;
02002635020248060071;
02005110720248060171;
02023115720228060101;
02033039520208060001;
02059544820248060167;
00501786820208060111;
02007979120248060168;
02001826720248060050;
00001336320188060068;
00023100720198060119;
02776567220218060001;
02018184520248060090;
02006018320238060095;
00117778320178060182;
02035927020248060071;
02059813120248060167;
02005184020248060125;
06283077020008060001;
00023934320008060166;
02817956220248060001;
00358619020098060001;
08619539620148060001;
02024252620228060091;
02032674020228060112;
00003595220178060214;
02024207820248060173;
02022989120248060035;
02004870320248060163;
00284095220188060053;
00119746520178060173;
00021605020178060069;
00102810820248060074;
00023855120008060171;
00015021920198060081;
00294085020078060001;
02000864120228060141;
02002365820228060032;
00115888820128060115;
02010668720248060053;
02017967820238060071;
02003508320228060068;
00100481620248060040;
05717012220008060001;
02002397620258060171;
00490343220148060091;
00103229420238060175;
00540780220008060001;
02001704320228060076;
02014745420248060158;
02001543520238060115;
00034367420008060114;
02006770720238060096;
02002235420238060087;
00568317820218060167;
00096991720158060173;
00504255720218060097;
02862541020248060001;
02819047620248060001;
00100596920248060032;
02005805120248060070;
02824668520248060001;
01932928020158060001;
00259397820188060043;
00511421620208060029;
02004128020238060168;
02105537720238060001;
02010698820248060070;
00123517820248060112;
02003355920228060054;
01100905520088060001;
00095334420178060066;
00055200720178060032;
00058665520168060108;
02008469320248060181;
00001018120188060028;
02022982020238060070;
00546657820208060112;
02276257720238060001;
00078458620198060095;
02006174420258060167;
08837373220148060001;
00040565320178060094;
00520044220218060064;
02007726520248060043;
00101787620238060028;
02004331520228060096;
02684359420238060001;
02625020920248060001;
00504495320218060043;
02009038620248060157;
02003188520248060043;
00042594820168060159;
00123330720108060158;
02001643820228060043;
00053624520118060166;
01665106520178060001;
02004856920228060109;
00002033020148060033;
02000552720238060160;
02000231820258060171;
00109646820008060112;
02007634120248060096;
02000215520258060104;
00080023420158060181;
00151341520178060136;
00262876420108060112;
02002952920228060167;
02000210220258060057;
02004440920248060182;
00507459620218060133;
02002627120228060124;
00039656720138060040;
01009284720158060112;
02002712920248060038;
02016035220248060031;
07334774020148060001;
02001345420248060068;
02016753520228060055;
02001888020248060145;
02288751420248060001;
02002791920238060045;
00650095520178060167;
00444640320138060167;
02009805120248060107;
00689017420168060112;
02007784220228060108;
02000706120258060051;
02000034420258060133;
00100307020258060133;
00207563520148060151;
00503477520208060169;
02001757820258060167;
00139469720008060001;
02009216120248060043;
02742608220248060001;
00746619520068060001;
00004151520098060134;
02702880720248060001;
02076996220138060001;
02007383620248060158;
02008662920248060070;
00100378120208060054;
02000267620258060169;
00000551720108060079;
02013674820248060113;
00132249120178060090;
02001852120238060094;
02001232820248060067;
02006855820248060157;
00506948920218060067;
00502008420208060125;
09098188620128060001;
00909881820068060001;
00062171120198060112;
02556259220208060001;
00595403320168060112;
00508141920218060040;
02000080820258060120;
02013576020228060117;
01658798720188060001;
02005531320238060132;
02006741420228060120;
00029751920178060046;
08000260820238060101;
02699881620228060001;
00043355420158060144;
00458015620178060112;
01517075320128060001;
02379017520208060001;
02005159320238060069;
00062237020158060140;
00100563720238060166;
02013286720248060043;
00010599020188060182;
02000116820258060182;
02020427720238060070;
01671207220138060001;
00008579120058060175;
02004823920248060176;
00057203820188060142;
00003784820178060088;
00501768720208060050;
02000264020258060084;
02004947520248060104;
00176697520188060169;
00113879520188060112;
00102651320198060112;
02000456320258060143;
00109823820128060090;
02010935320248060091;
02006876920238060090;
02470728520228060001;
00054365120178060114;
02728222120248060001;
02004462920238060112;
00296345720008060112;
00227130820168060117;
02030523020238060112;
00100628220248060045;
00086637320148060043;
00046044620178060040;
00010248720038060043;
08000110520248060101;
00503312320218060158;
02004257320248060094;
00060793020068060167;
00104471820238060028;
02029769520248060071;
00505865420218060166;
02057284320248060167;
02677358420248060001;
02006712720228060066;
00302446520118060071;
00036399420158060054;
02008315520248060107;
02003178020248060179;
02017408220228060167;
00050435820118060140;
00104169120248060115;
00512426020218060182;
02019565620248060043;
02079169020228060001;
02009369120248060055;
01909307120168060001;
02009528920238060084;
02010731220248060043;
02001747720258060043;
00133789020168060043;
02004799620238060054;
02317701620228060001;
00059894020118060169;
02000380220258060069;
02032436720248060071;
02016843720228060171;
02011067520248060051;
02010465020238060112;
02014645520228060101;
01406939620178060001;
02074294420238060112;
01567307720128060001;
02000318620258060173;
02053473520248060167;
00001504620098060123;
03714222020008060001;
00500292720218060050;
00064864320008060071;
08550504520148060001;
01275281620168060001;
00456153320178060112;
02005763820248060062;
00084544720198060167;
02005887220248060120;
00513370220208060158;
02322142120008060001;
00670560220178060167;
00462203620088060001;
00076483120108060101;
02008341820238060051;
02038317520228060158;
00064303020198060043;
02013456820238060163;
00507734520218060107;
02028815320238060151;
00101832320118060092;
00012223920198060181;
02006587420248060125;
02009748820228060115;
07210319320008060001;
30000413120168060221;
02003539020238060104;
02010310520228060181;
00503909120178060112;
00095899120198060071;
02005325220248060051;
00100441720258060113;
02000148620258060161;
02003507920248060176;
00000452920138060188;
00124843620118060158;
00105811120198060117;
00092711320168060169;
00701170920198060163;
04084488520198060001;
00490712520148060167;
02001129120258060122;
00156189120108060001;
02000195720258060081;
00007775820078060143;
00050661420138060114;
02356261720248060001;
02060787020228060112;
00102891420248060032;
00281640520118060112;
00000290920128060189;
00079650920088060001;
02002701220248060081;
02002905620228060086;
00074803220138060163;
00500702020208060182;
00502640420168060071;
02046735420248060071;
02012418920248060115;
02001748220228060043;
02003146020238060115;
00020754420198060150;
02005636320248060151;
02060619720238060112;
02011738520248060133;
02038802120248060167;
02383624220238060001;
00301801720248060001;
02032873120228060112;
00029795820198060055;
00102017020258060151;
02000516020258060114;
00606257720088060001;
01793127120128060001;
02790213020228060001;
02051719020238060167;
00097624620148060086;
02002761820258060070;
00117944020138060092;
02001618820238060127;
02100846520228060001;
02005193220248060058;
02886494320228060001;
02182237420208060001;
02000845920248060090;
00016129320058060053;
02013394220248060158;
02023182520248060151;
02039417320248060071;
02003518820248060168;
00038307220098060112;
02001896220258060167;
00252457120008060001;
00005522720198060140;
02053003220228060167;
02014144220248060171;
02001881020238060115;
00537409220148060112;
02008972720238060121;
02000665820258060169;
02034635820238060117;
00683693220168060167;
02053993120248060167;
08000037120258060043;
02000822320258060133;
02012279120248060055;
11000328020258060097;
00508427920218060171;
00578465320218060112;
02024272520238060070;
02007201720248060028;
00026096220178060148;
00107606120248060151;
02000478820258060157;
03502424520008060001;
02019994620248060090;
00428445820128060112;
02001604220228060094;
02003356320248060030;
02003689120228060040;
02004756320248060106;
02002902920248060040;
02687173520238060001;
02004896020248060134;
02000366620248060069;
00001033520148060111;
02023828420248060070;
02025456820248060101;
00510316920218060167;
02066046620248060112;
00033521820178060069;
00345261120248060001;
02012031720238060114;
02015389320228060171;
02006276220238060069;
02014055620238060158;
02000339520258060160;
08738104220148060001;
02551442720238060001;
00100972820248060179;
00032028720128060109;
02009397420238060154;
02012247920238060053;
00000856720188060145;
02030544320248060151;
00101182820118060092;
02012136720238060112;
00100389720258060084;
00472383520178060112;
02005514920248060151;
02042416920238060071;
00002368520168060215;
00110634520108060158;
00101746120118060092;
00008906120038060075;
01699486520188060001;
00390046220248060001;
00001605820028060116;
00053156020108060181;
02000833020258060158;
02000492520258060168;
00181236620188060133;
02006124120238060054;
00004821620088060101;
00003973220188060084;
00028776320008060035;
02005137620248060041;
00207442920168060158;
00048211120158060121;
02002638520228060179;
02000337120258060168;
02066209620238060001;
02021447020238060112;
08000108720228060069;
00521177920218060101;
00027040520158060038;
00513543820208060158;
02029787220248060101;
00101180220228060170;
00015011220158060069;
00171572020178060075;
02055344820238060112;
00106382720248060158;
00047260320138060104;
02000034720258060132;
02003878620228060173;
02510535420248060001;
01653429620158060001;
00057293620198060054;
02000739420248060101;
00502755520218060104;
00002005520188060156;
00503689520058060001;
02018999120248060090;
02006670420248060168;
00503103520218060162;
02005076520248060107;
02002271020248060038;
00090434420188060112;
04746554720118060001;
00321306120248060001;
06149156320008060001;
00075011920078060001;
00505399420218060032;
02024377420228060112;
01476805120178060001;
02005099720248060151;
00067755820148060176;
00547292020208060167;
04851777020108060001;
02017868220248060173;
02000443920258060059;
02007210620248060059;
00508554720208060128;
00062403220178060142;
02567898720238060001;
00051333820188060167;
00125241020148060062;
02630278820248060001;
02007505620248060156;
00000850420188060166;
00041795320008060092;
03129320520008060001;
00313636920108060112;
00102806320228060051;
00095081920198060112;
02004886320228060096;
02004644620238060081;
00372315720128060112;
02002608420248060107;
02066941620248060293;
02012830820228060084;
00001066920148060214;
00000140820158060198;
00003175020158060027;
02006976220248060031;
00100895520228060168;
04867077520118060001;
02006987920228060043;
00507809520218060120;
00008793520008060108;
02003990720248060052;
02815270820248060001;
02182613320138060001;
02026366120248060101;
02005187420258060167;
01455808920188060001;
00490120220148060114;
01230114620088060001;
02000729820248060040;
00503051220218060130;
02001076820258060090;
02004096020258060167;
00000733720008060128;
02015756420248060070;
00105555220158060117;
02033452920238060167;
02013143620248060091;
00507698320218060179;
02001480220228060135;
02000893220258060095;
02010641720248060151;
02475263120238060001;
00130899620168060128;
02003978120238060081;
02375041120238060001;
02003676320248060161;
02519022620248060001;
02014883820248060158;
00642443920168060064;
00510637920208060112;
00001157020098060096;
00549186620208060112;
00522117820218060084;
02087046720238060293;
02013189020248060053;
02006818120248060040;
01026119820148060001;
00040972620158060050;
01080009320168060001;
02056843720248060001;
00095677020168060028;
02776558220248060001;
02746006020238060001;
00016019820148060069;
00014035320088060075;
00362210720148060112;
00160922320168060043;
02001651620258060173;
02004138320248060086;
02862596620238060001;
02004335920258060112;
00092880720178060107;
00037619220068060064;
00325223420148060071;
02015523920238060043;
00083465920198060121;
00009712120198060181;
00129248120168060182;
02066444820248060112;
02000378420238060134;
02000794720258060043;
00102096020238060040;
02013286720228060001;
02002654620248060127;
02031091420248060112;
00506014220218060095;
02012381720248060154;
00145962620178060171;
00101786820248060181;
02058721720248060167;
00101158520258060091;
00502235920218060104;
02000576220258060051;
02136490320238060001;
02046074820248060112;
00680133720168060167;
00106889420228060167;
02818328920248060001;
02016451820238060070;
00072555620118060171;
02008432020258060112;
00083895120128060182;
00066637620158060169;
02004245820248060104;
00512066720218060101;
02008868820248060112;
07397303520008060001;
02023632920248060151;
00016966820118060123;
02001468220258060052;
00201902720198060114;
02717685920208060001;
02056701120248060112;
00532107820208060112;
02071627220238060112;
00466636620138060112;
02015588020228060043;
00060672920148060169;
00013346320138060069;
00552153820088060001;
00510917920208060069;
02003580420238060043;
02008191320238060160;
01317150420158060001;
01445230720168060001;
02008641420228060043;
02017296420248060173;
01710688020178060001;
02002502020238060125;
00049405620178060135;
00134406720178060182;
00037423720188060106;
00151091620118060070;
02012178120248060173;
01692364120198060001;
00300882120198060096;
02000587420228060173;
00078018320168060156;
02000970320248060076;
02009664920248060113;
00041482920168060106;
02003090920248060081;
00101031120228060145;
00501868920218060182;
02075166320248060112;
00043349520188060069;
02028216620248060112;
02010922620238060084;
00096546720168060176;
02045508520248060029;
00061765820138060143;
08000062420248060055;
00049828620148060143;
00057003820108060171;
02000726620258060104;
02020247720248060084;
00501214420218060134;
00507604420218060043;
02007005920248060114;
00003689020198060069;
02007087820238060176;
03275046320008060001;
04251731920008060001;
00057259320148060047;
09032395420148060001;
00057129820098060167;
02009002620248060095;
02014901820248060090;
00503034520208060108;
02528630720008060001;
00383305120058060001;
02044478620238060167;
02441365320238060001;
02039819220248060091;
00114222520248060151;
00339311220248060001;
00336210320118060117;
02000441520258060067;
00021590220068060053;
02003726120248060169;
02018196120228060167;
02266087420218060001;
02458869020238060001;
00503607520218060028;
00669151620058060001;
00050375020178060040;
01546994020198060001;
02015072220238060112;
02004378120248060096;
02014920320228060043;
02003393320238060096;
02001153920228060029;
00101375720258060055;
02000414520258060169;
03452910820008060001;
02007577620228060040;
00086499420098060001;
00006590720198060129;
00111649620178060171;
00038100320128060104;
00121637920188060182;
02003872220248060107;
00501108520218060143;
02007624220238060112;
02008283720238060107;
00197058620148060151;
00290907120248060001;
00807451520068060001;
00077099420158060171;
02010069720258060112;
00100150220258060166;
00088683920198060169;
01519763420088060001;
02006338720248060181;
02016917020248060070;
00518818120218060084;
02000539620258060092;
00127638220198060112;
02007027120238060176;
10601734020148060001;
02009054720248060160;
02060930520238060112;
02003036820248060059;
02438507520238060001;
00033064920008060158;
00500296720218060166;
02776693720228060001;
02004608920248060043;
02000467720228060038;
00025560520198060086;
02006343920248060095;
00932758020088060001;
00115071620248060117;
02000272520258060181;
00506132620208060181;
02005960220248060071;
00504178520218060160;
02019850920248060043;
02015775220238060043;
02002102620258060171;
00003141320098060090;
00201122920168060117;
02001121520258060115;
02013086320248060112;
00359681220248060001;
00396845420128060167;
00034113820148060060;
00525906920218060035;
02009377620248060055;
04346025820108060001;
02035786020248060112;
01694345920118060001;
02007280220238060166;
00503063420208060032;
00049643120148060122;
00078596020178060121;
02800107920208060074;
00037327220188060112;
02000704220258060122;
02317773720248060001;
00011451920198060120;
00109896920158060043;
02002402620238060173;
00033264320168060105;
00076672320188060112;
02044901520248060029;
02030273120228060151;
03842479320008060001;
02000376220238060109;
02014051320238060043;
00009468520098060107;
00516455920208060151;
03857834220008060001;
02007464920258060167;
02024027920248060101;
00203276420198060128;
03907312720008060001;
02000680220228060050;
00505590820218060090;
00358997720248060001;
00042376920158060144;
02050509620228060167;
02000759020258060081;
00500206320218060180;
00001764520168060205;
00370654720248060001;
00109931820248060035;
00101970720118060092;
00088436720178060081;
02050067720228060167;
00519961820218060112;
01338208020178060001;
00125035920168060128;
02010020820248060173;
04378265320008060001;
00512951520218060029;
00959098320078060001;
02008376020248060043;
02066834520248060112;
02004196220248060160;
00524931920218060084;
02003769320228060161;
02151246220218060001;
00061559720118060096;
02034109220238060112;
02000051020238060157;
02005834920238060067;
02009724220248060053;
00108307420198060112;
04085610620008060001;
02500353720208060001;
00078975820138060171;
00008358420128060111;
02044112820248060064;
02007215620248060107;
02001114820238060067;
05290350620008060001;
02044890920238060112;
08000020520258060070;
02005504520248060125;
01046896020178060001;
00011737720188060069;
02028383820248060101;
00008721620098060112;
02001173520258060051;
02003323420238060163;
00090488220158060173;
02800083220238060001;
00473770520128060001;
02002163920248060051;
02002723320248060161;
04815721920108060001;
02008174020228060043;
02000286120258060067;
02010042220248060029;
02822835120238060001;
02029475320238060112;
02019328120248060090;
02500832520228060001;
00100399720258060176;
02002963520238060084;
00506760820218060087;
02006763320238060157;
00012988920118060069;
02004626720238060181;
00100857920248060028;
02002186720238060043;
02000955520258060122;
00521649720218060151;
02008345720248060059;
02001246320228060073;
02011138320238060154;
02000826020238060111;
00510695920208060121;
02003599620238060169;
00097617620118060115;
02678709620248060001;
00358729420248060001;
00074082320198060167;
02002284720258060171;
01229025120168060001;
02042006820248060071;
02001057720248060173;
02002118220248060094;
02003893120248060094;
00531247320218060112;
01010177320198060001;
00003010820098060092;
00501434820218060055;
02006682620168060117;
02005259120248060170;
00083233620148060171;
02004555320238060156;
02019521920248060043;
02026816620238060112;
02002028820248060040;
02004791720248060069;
00386552620058060001;
08000045620258060043;
00079929520188060112;
02001852520258060070;
00221711120178060034;
02008356420248060181;
00090121720008060092;
00557720620008060001;
00460941620148060117;
02002007920258060171;
05195430420118060001;
02011531420238060171;
00010198020008060169;
02002466120248060120;
02002282220228060181;
02764618120238060001;
02002447220248060094;
00527667120208060071;
02061635620228060112;
00035490420158060146;
02002481220238060073;
02000681620258060173;
00101417120118060092;
00527759620218060071;
02173905620208060001;
02052158020238060112;
02002715520238060073;
02054739020238060112;
02000275220258060075;
00126017620168060182;
00049978920168060109;
00046180620188060069;
02027803520248060101;
00077804020158060028;
02001122420258060112;
00033648720158060041;
00586271720178060112;
02000813520238060092;
00566123620218060112;
02692932820238060001;
02047142120248060071;
00047313520178060120;
02003570920248060132;
02005561720248060169;
02006899520248060157;
02004297920248060169;
02012718120228060055;
00003416120088060112;
02021228320228060035;
02001988520238060137;
02005828520248060081;
02005971920248060125;
02001436120258060171;
00094697620148060086;
02003101920228060160;
02002241020258060171;
00023321920148060094;
01239265120158060001;
03768533520008060001;
02007116020258060112;
02003375520238060131;
00097612020128060090;
02054747020248060167;
00017174620188060043;
00008161120178060109;
00529295120208060071;
00124411220138060035;
02000733620258060109;
00511477920218060101;
02021567920248060070;
00518226320218060094;
00017096920008060150;
00062615620108060173;
02007371420228060096;
00477995320078060001;
02000223520258060041;
00076864620198060095;
02011167420248060163;
00149474920168060101;
00101058920208060067;
08000153920238060081;
00506950220218060091;
02050648020248060112;
02006343620248060096;
02000973720238060173;
00514856420148060112;
00506196020218060096;
00070018320118060171;
02006133020238060182;
00502449020208060097;
07488034020148060001;
02000876120258060160;
00003376520128060150;
00135260620178060128;
02001274420238060053;
00084079320188060107;
00504861720218060161;
02004452720248060074;
00346396220248060001;
02065215020248060112;
00100439020258060029;
02900671620228060001;
02579928420238060001;
00106138320158060043;
05739175320008060001;
00003137620088060053;
02003900520248060130;
02632004920238060001;
02169064120208060001;
02014420720248060075;
02019241520248060055;
00054377720138060081;
00019283820178060069;
02166047520218060001;
02195833920238060001;
01916027420198060001;
08000077520258060054;
00380155620248060001;
00503693620208060169;
02555931920228060001;
02036556920248060112;
01958156520158060001;
00184964320008060064;
07566716020008060001;
02012854920248060070;
02005507120248060181;
00107137820118060075;
00399746920128060167;
02005845120258060071;
00280319420108060112;
09064388420148060001;
00007994120198060129;
02014954120248060122;
02047052520238060029;
02004252220228060069;
02001046920258060040;
02012970420248060122;
00526114120218060101;
04162215120008060001;
02011578620248060051;
00010711420008060125;
06536567520008060001;
00505287720218060028;
02016215320248060070;
02008892920238060128;
02009580320238060115;
02004843820228060092;
02002184920258060091;
03783663820008060001;
00089117920108060075;
00502921720208060043;
00480524720178060112;
02046362720248060071;
02006694520248060112;
02000769620258060074;
02003399420238060108;
00007886220008060069;
02006526820228060115;
00045653620148060143;
00508029520218060107;
02006863920228060084;
02240928120218060001;
00594565520088060001;
02002013620248060030;
00101343520248060121;
02033473020228060071;
02002567020238060143;
02020478120238060173;
02005705320238060066;
00154721120168060043;
00012932820158060069;
02013755620238060114;
02001919320238060040;
02008747020248060081;
02478083520248060001;
00024357320008060043;
00103478120248060043;
00136498120198060112;
02026114920238060112;
00502547920208060083;
00104099220228060043;
00105991020248060100;
00243071520188060173;
00100096520248060154;
00261562420188060043;
02000945220258060128;
02006683820238060163;
00171201220178060101;
00002938620068060043;
02004420520248060161;
02000214220258060076;
00508228920208060182;
00504182320218060111;
05229621820008060001;
02001632420248060030;
02085699720248060300;
02012439720248060070;
00000377120188060028;
02002426620228060161;
02008572520248060181;
01883437120198060001;
02004156420258060071;
02000530920258060121;
02001450320258060051;
02048294520248060167;
02062816120228060167;
02014428420248060114;
02005236920248060058;
02003007620228060094;
00094755220138060043;
02613656020228060001;
00001996820148060202;
02003681520228060130;
02015784020248060160;
02006173520238060128;
00103513920218060168;
00087913020198060169;
02000577020258060113;
00505996820208060043;
02000810620258060176;
02000459620258060132;
02014207920238060043;
00122312020178060164;
03041787420008060001;
05772891020008060001;
02004228720238060051;
00046619120008060062;
00085338320148060043;
00003097320078060053;
08000318720228060158;
00040836020148060120;
00605683120178060167;
04859368320008060001;
02001528720238060043;
02001615620248060094;
00002332720188060162;
02006396820248060125;
00044481120118060156;
02021683520228060112;
00002614220198060038;
00083528220198060051;
02363229220208060001;
02013942420238060062;
02001663220228060035;
02005525120248060113;
02004651820248060074;
02003433220228060120;
02055838920238060112;
02049320820248060117;
00024349820008060169;
00045614620168060040;
00113016120148060049;
02002732620228060181;
00067133820118060171;
02007185120248060059;
02036513220228060167;
00006729020098060182;
00002352420158060187;
00058565420138060160;
02972390920228060001;
02008450420248060151;
02000716820248060055;
02003445020238060130;
02003373720248060158;
00505686920208060133;
02000826620258060054;
02001133120228060171;
02849455620218060001;
02284086920238060001;
02843006020238060001;
00068455420158060107;
02005148520248060130;
00109324620138060035;
00274901520248060001;
00167959720008060112;
00276183520248060001;
02045179520248060029;
00148838220178060043;
02000325720258060113;
02004186520238060143;
00019145920008060163;
00008865620168060111;
00521661620218060071;
00523272920218060167;
01383348620118060001;
03931250720008060001;
02013908120248060084;
02002675320258060071;
00402015220248060001;
02010225020248060156;
01472302620088060001;
02008065720238060081;
00113682920108060158;
00002319420048060082;
02001678620248060054;
02000939520248060130;
02007524520228060043;
02004239020248060163;
02027044620228060112;
01042926420188060001;
02038155420158060001;
00379546520058060001;
02050465920248060112;
02000553520258060070;
02010078520248060090;
02005808520258060112;
02003527520248060038;
02008212220248060071;
04116356820008060001;
00052227820128060100;
02012833420228060043;
02042295520238060071;
02003451620248060028;
00351549320078060001;
00031342320198060100;
02017807720248060043;
00472045220188060071;
07538672220008060001;
00137117620178060182;
00508971320208060091;
00707840620138060001;
02044917620238060112;
02001334820238060054;
00091605820178060051;
02016018920248060158;
02006642520248060176;
02002565420248060040;
02444873120208060001;
00011050520008060055;
00154000220168060115;
02075606120238060001;
02001132420258060107;
02003686120238060168;
02000089020258060125;
00140381620138060035;
02489686620228060001;
02006318020238060043;
00176272220178060117;
02012532820248060043;
05828675120008060001;
01580569620178060001;
02007714720248060054;
02004932620238060169;
02010426020228060043;
00100433120258060081;
02002271120228060028;
02000707420258060176;
00620787820068060001;
02081974120258060001;
02005788420248060069;
02014838920248060166;
00257060320248060001;
02005474520248060043;
02003749120238060031;
02000280320258060054;
02032758020238060112;
02005886120248060156;
02606764520248060001;
02011647520248060052;
02070483620238060112;
07712995420008060001;
00119644820008060001;
00002395720008060035;
00115853520188060112;
02000159720258060120;
00505536120218060167;
03793675820008060001;
02024042720248060173;
00059271120198060107;
00054696520148060140;
02025428920248060303;
00084004420168060084;
02007817620248060156;
00102962120218060158;
02006852520248060168;
00503822920218060095;
02564933120248060001;
02403766220248060001;
01981120620198060001;
02066826020248060112;
00084983720198060112;
02005115320258060112;
02809471220238060001;
02007972720248060157;
04792187020008060001;
00500744220148060158;
01880207120168060001;
02003412220248060143;
02002397120228060045;
02004654620238060173;
00009654720198060073;
00171296320168060115;
02002101320248060122;
00000365320088060120;
00265300220008060001;
02000936720258060128;
02015107220248060166;
02002994520258060043;
02043781820228060158;
00887283120078060001;
04643023120008060001;
08302245220148060001;
00019618720078060001;
00032621620128060059;
00101155320138060173;
02029624120228060117;
00098413320078060001;
02002169320258060151;
02040006120248060071;
00965874420158060090;
02005151920258060071;
02000463720248060158;
00035399520128060135;
02015071020248060137;
00370663220248060001;
02001006920258060157;
00043667720118060156;
00050958420168060041;
02034200520248060112;
01168492020178060001;
02014362320248060035;
00107908120148060043;
00018396420088060090;
02011791320228060182;
02002426020238060087;
02001808420238060001;
00044745620178060040;
00013822220138060069;
00001001320088060169;
00080566520118060043;
02860778020238060001;
00500301820218060145;
02037526920248060112;
02003182620238060074;
02013140720248060133;
02000910220258060095;
02001653120248060050;
02001920920238060160;
02005274320238060058;
06675468120008060001;
09055100720128060001;
02037616020248060167;
02003243420248060030;
02055540520248060112;
01301688420198060001;
02064873520158060001;
00009883920098060171;
00503187520208060120;
02065145820248060112;
00051853520008060112;
08000062620258060043;
02009266120248060115;
02018576020248060084;
00005236120098060096;
02335789020218060001;
02003660520228060111;
02002655220248060125;
02018448820248060075;
02013186620248060158;
00507206220218060043;
02002105620248060043;
02004871320238060171;
00106295820248060128;
02000259220258060104;
00100990420248060177;
02010866520248060122;
02005298520248060055;
00464833420148060009;
05485709520128060001;
00101879120228060054;
02003422820228060094;
00100196320258060158;
00510568520218060069;
02005980920258060112;
02050160820208060001;
04914017320008060001;
02016136620238060117;
00100502920258060176;
02057637120248060112;
00069882120178060124;
02009848620248060043;
00048696520188060120;
00098120520148060173;
00030837720158060059;
00156810620188060141;
02005821020238060182;
02001775620248060111;
02006414320258060112;
02005586920228060132;
00314477020108060112;
00005216720138060188;
02005673420238060055;
00000472020148060202;
02007048920248060084;
00503959620218060040;
00508530820218060075;
00506148520208060124;
00010200920078060173;
00028115920008060140;
02004532520248060067;
00043234120148060155;
00101056920208060203;
02006577220248060163;
02475249520228060001;
00105843320188060203;
00100164420258060050;
00126768420108060034;
02005880220228060166;
02013259020248060115;
02172550520248060001;
00007976220138060200;
04759598120118060001;
00374782720058060001;
00107597720248060086;
02004863720248060092;
00009704020058060112;
00003788220168060088;
02001186420238060059;
02536959720248060001;
00057093920198060153;
01506095720178060001;
00468650420178060112;
00000604820168060202;
00002871320068060162;
00122047720178060086;
00013146520188060047;
00509181120218060040;
00028228920098060070;
02000848820258060166;
00020805220148060082;
02084057420158060001;
04371536020008060001;
02054356320238060117;
00100897320258060128;
02055197920238060112;
00102051020258060151;
02006662220248060070;
02001648420238060081;
00003071720078060114;
02009611020248060054;
02000354820228060038;
00059278920108060086;
02008323620248060173;
02030027520258060001;
00500834820208060043;
02009756320248060128;
00086677220108060101;
02085553720248060293;
03482877620008060001;
03885712920008060001;
02011009220248060043;
00023158720168060069;
01371182220138060001;
02002423520248060181;
00875810420068060001;
02028054820248060101;
00528880420218060151;
00119204420248060112;
00102535920248060100;
00261865920188060043;
00510636620208060084;
00000132120108060029;
02000471220258060053;
00046206620158060170;
02019628720248060035;
00035419220138060050;
02005810620238060059;
00011596920138060069;
00025795420178060139;
00100204520248060041;
02014535320238060113;
02039215620248060112;
04885605620108060001;
02000743620258060104;
00078476720118060182;
02000931320248060028;
00076866720168060122;
00102541020248060176;
02001058020258060096;
02000627820258060053;
00503675020218060163;
05520386720128060001;
02001032320258060028;
00019018020008060027;
00345564620248060001;
02000799420248060168;
00000679020148060111;
00056422020118060100;
02011283820248060115;
02320213420228060001;
02003427020248060122;
02696180920008060001;
02054371420248060112;
00070507820008060117;
00053462320138060166;
00018573620178060069;
02005418720248060059;
00004662420048060159;
02005890920228060094;
09039453720148060001;
00385550720248060001;
00105421420248060028;
00059365120108060086;
00503592920218060113;
00034519420128060155;
00430997920138060112;
00576138920078060001;
00033029520128060059;
02046727220248060167;
02007453520258060112;
02000937420228060095;
02000898820248060120;
02052711620238060112;
02006302820248060054;
02001580420258060115;
02017510220228060171;
00000451420148060214;
02017864020248060090;
02001189320248060038;
02006812520258060112;
00081026620108060115;
02003216120238060112;
02002519320228060107;
00005540920098060120;
00501593420218060109;
02000643120248060167;
00246219620188060128;
02008130620248060181;
01235737420168060001;
00714375220068060001;
00130319620108060001;
01137753620098060001;
00002212220188060159;
02560700820238060001;
00006313420188060142;
00501229820148060158;
02006158220228060166;
02014876420248060122;
00352790920138060112;
00040262120008060027;
02024627920238060071;
00496373720178060112;
02015911820248060070;
00005827620088060163;
00010081120128060111;
00095307220188060028;
00279327820248060001;
02005165520248060130;
02035822620248060071;
00102458020248060133;
00353930420248060001;
08891641020148060001;
00756437520078060001;
02004351720248060095;
00110760720188060112;
00042646120148060120;
02002842920258060091;
08985341320148060001;
02003676320238060043;
02013653220238060075;
00288732820248060001;
02005432720248060069;
07888452520008060001;
02020102020248060173;
02004572820248060143;
02021438020248060167;
00096835920168060163;
00000513920188060195;
00044225720008060169;
02025134720248060171;
00527927220208060167;
02008435120238060092;
02000524520258060114;
00044545720168060054;
02003989020238060073;
01814527820128060001;
02004566720248060038;
00501119820218060166;
02689304620208060001;
02006283720238060040;
00001006620178060211;
00524318920218060112;
02012434620238060163;
00026449520198060101;
01129010220198060001;
02004080420238060181;
02004240520238060133;
00942962820078060001;
02010352120248060133;
02009813620248060107;
00518884920208060071;
02003595620248060074;
02192228520248060001;
02060806920248060112;
00195305320008060064;
00036419620008060181;
00683526820008060001;
02224978120208060001;
02008547920248060081;
00032709320128060155;
02000648720228060171;
01791523620188060001;
02002618320228060028;
00000198820188060177;
05168548420118060001;
00381012720248060001;
02001254420248060181;
02597852420248060001;
02819990920248060001;
02006513920248060301;
02001297320258060043;
02044460420238060167;
00038217820138060045;
02002933820258060043;
02000339720258060030;
02008855620248060160;
02066569620238060112;
02008850620228060070;
02013270620248060133;
00018476920078060092;
02300629120238060001;
02000982920258060051;
02061866020248060167;
02003944620248060064;
02003816520248060058;
02007769320238060122;
00510028720218060112;
02063919420238060112;
00503545420218060162;
02015498220238060173;
02000307020258060054;
00044580220008060169;
00513868220218060069;
00009803620098060115;
02013247020228060117;
02002402420258060151;
00505715620218060111;
02001094620258060055;
00518748920218060084;
02013441920238060055;
00689539320088060001;
02003612620248060074;
02021195220248060070;
02602654120208060001;
00038706520188060071;
02012451620238060163;
06279283220008060001;
00500596320218060179;
02020083920248060112;
02001445820258060167;
00482124620148060090;
02000342220258060050;
02040644520248060112;
00506005420208060075;
04717345220108060001;
00390167620248060001;
00502393020218060163;
00573540820148060112;
00501227120218060120;
02000930620238060171;
00011010420068060169;
00003047220058060101;
02757590420248060001;
00503704520218060085;
00202628620248060001;
00105832520198060167;
04922496020008060001;
00287468620078060001;
00063342720138060107;
00135519620198060112;
01994921120128060001;
01001183220068060001;
02017076220238060101;
02003349220238060069;
02018118420248060112;
00102285620248060032;
03914301820008060001;
02006759020248060164;
02020697420248060151;
02184892220248060001;
02007135120248060181;
08000124120248060181;
00111798120248060151;
02016667520238060043;
02006403220248060132;
00501317620218060041;
02003078620258060151;
00025416420038060064;
00026867820158060039;
02005790620238060166;
01832596020178060001;
02000650320258060160;
02000790220248060134;
02030473720238060167;
00525160720218060167;
02006543720248060125;
02004289720248060071;
02008304020238060096;
02070232320238060112;
00883354320068060001;
02010550420248060071;
09053276520148060001;
02062738420248060112;
02003158920228060047;
02797118820248060001;
02004654220228060121;
08000529620238060168;
00146343520178060075;
02509083220238060001;
02003227420238060038;
02019125020248060071;
00130663120258060001;
02010200520248060084;
00506923420218060160;
02033833820238060071;
02013169120238060171;
00143647820178060182;
00120202820248060167;
02003252620228060115;
00033774120178060098;
00535424520208060112;
02050380920248060298;
00014012620198060034;
02000841020258060095;
00521523920218060101;
01913296620178060001;
00102726020178060181;
00100992820248060169;
00079056820148060181;
02042266620248060071;
00110698220248060151;
02011098820238060043;
00045377820008060169;
00876685720068060001;
00002116320038060042;
00058037620198060091;
02010269820238060099;
00096574920118060062;
00000014920108060112;
02001729020248060157;
02550357620248060001;
02019822820248060084;
02000238220258060182;
02000423820258060134;
00037602820138060108;
05778936820008060001;
02011267720228060070;
02014831120238060171;
00010204020098060043;
00129969720168060043;
00543158920078060001;
02017522820248060070;
02753598720248060001;
01335096020158060001;
02019582620248060043;
00176519020008060167;
02504086320238060001;
00037103220128060077;
02347307120248060001;
02000598220228060133;
02002143720248060094;
00008172420198060077;
00193244920128060151;
00500429220218060028;
02044561120248060071;
00025937520128060054;
02005432820228060156;
00102179320248060107;
02347566920248060001;
00017261020198060128;
02002516720238060169;
00067832320188060167;
02019407620248060084;
02046155120248060071;
02005336120248060140;
07945024520008060001;
02027580720248060091;
00508288220208060122;
00506577320208060107;
00502092020208060069;
02156294820248060001;
00490051120178060112;
00280854820238060001;
00197709420248060001;
02007530720248060028;
02001415120258060055;
02009328920248060108;
01939540520198060001;
00109071320128060053;
00021068420178060069;
02001222720248060040;
00089897220128060182;
00079830220198060112;
02513948020248060001;
00311079420208060171;
00005776320038060055;
00000831820178060215;
00303940420078060001;
02004370620248060121;
02014135320248060043;
00147001420178060043;
00229017220168060158;
00504787720218060181;
02016410220248060084;
02001384720248060115;
00462163920178060112;
02734267920248060001;
02007147820248060070;
02019317520228060055;
02004203120238060112;
02019441720228060171;
01853702720118060001;
02016745220238060043;
00384237220098060001;
02040341020248060112;
00500162720218060115;
00403915620138060112;
02000757420258060054;
04919810620008060001;
02015923020248060158;
02007310320248060107;
00001513120188060215;
00003395620168060033;
02235924420238060001;
02005807920228060051;
02003494220248060161;
02015118120248060158;
02000068020228060043;
05055922620008060001;
01784915720188060001;
00015542720148060069;
00039427820168060085;
02009436020238060171;
00103865620248060115;
00041601020008060169;
02016844220238060158;
00506194620208060112;
08422022620148060001;
02000371420258060167;
00001656020118060150;
02022973520248060091;
00503657120218060069;
00503917020218060101;
00101097320258060028;
00744817920068060001;
00008943320068060095;
02044409420238060167;
02000375620238060111;
02237760520208060001;
00100679620158060182;
02000243520258060031;
02002753020248060050;
02010630620228060053;
01958883720158060001;
02001237720248060083;
02032825620198060001;
02010081720248060043;
02005716320248060111;
00195226220178060070;
00530634420218060071;
02006434720248060112;
00002056920038060167;
00153954620078060001;
02007800320238060035;
02007241020248060075;
00004782520128060202;
02000832920228060160;
02074923520248060112;
02000044920258060094;
00510608620218060081;
02573602420248060001;
00143428120168060173;
02003203420258060071;
00105736420248060115;
02006725820248060028;
02000275820258060170;
02006305020248060176;
02027071520248060117;
02003824920228060081;
02022367420238060071;
00021852220138060031;
02028201020248060071;
00996746820158060167;
02001657220228060059;
00086530720178060081;
00513238720098060001;
00527290320208060117;
02000614520258060069;
00086559120108060090;
02017708820228060112;
02007765120248060157;
00097079020128060175;
02062905720238060112;
02016702420248060158;
02016148120248060031;
02015036120248060043;
08000198220228060058;
02006165520248060115;
02004793420248060128;
05529257120008060001;
00073119120158060028;
02016578120238060086;
00362749820128060001;
07311346220008060001;
02019476920228060171;
01004651620168060001;
00502466920208060094;
01667940520198060001;
02010095220258060112;
02011722920238060071;
02001633420248060059;
00136489620198060112;
02000835120258060054;
00337443220188060092;
00003343520068060049;
00014691820098060101;
00031148420058060112;
00055920520158060051;
02003134520258060167;
00000106820188060067;
02004162020238060168;
02011120520228060164;
02071463420218060001;
02000201720238060112;
00186232520168060062;
02003036420248060125;
00036197020138060120;
00011230220058060071;
02006725820248060125;
00457946420178060112;
02070758220248060112;
00024328620138060165;
02064591020248060112;
02006572620258060167;
02003664120238060120;
02000176020248060069;
00043818320148060045;
02004754120248060178;
00102014420118060092;
02014384720248060114;
00138420820008060001;
00039123920118060143;
01846147120188060001;
02002335520238060069;
02005010320238060169;
02007099020258060112;
00001762020178060202;
00036979820178060031;
00019496520068060112;
00505298720208060128;
00519592520208060112;
02013177520248060160;
02011153220248060182;
02010593520228060128;
02176442920208060001;
02005006220248060143;
00509853120218060054;
02002476720228060071;
02004873720248060087;
02029080220248060151;
02021331820248060173;
02031276120248060071;
00003389320098060105;
02000042720248060145;
02003224220238060081;
00105603320248060158;
00038700320148060040;
02008195520248060070;
00506188320208060040;
02026865420248060112;
00181074320068060001;
00172754420058060001;
00121341120198060112;
02010805420238060167;
02003013220248060081;
00300692620198060157;
02009438920248060053;
00002838420148060197;
00500990720208060106;
00599342920098060001;
02002345020258060043;
02002574620258060091;
00031328820128060103;
02004251620238060092;
02000189820258060040;
00098686020148060101;
00111502220228060112;
02254654520248060001;
02007999720248060156;
00116721520128060075;
00038561420188060061;
00236294620098060001;
02003065020258060071;
01858338520198060001;
02003672920248060140;
03638787820008060001;
02667748520208060001;
00055577720178060050;
02015328920248060115;
00082113320158060171;
00121352020248060112;
00986032520078060001;
00041781920098060071;
02042792120248060112;
02005313020238060107;
00029734120138060094;
02006185520238060084;
02048734320258060001;
00161875320168060043;
00101282120148060075;
02002654620238060106;
02007971920238060171;
02002229720258060055;
02022518020248060112;
02001004320228060038;
02002465520228060177;
04569355320008060001;
00153707820118060070;
02000376020258060087;
00500661220208060043;
00100790920258060070;
00008680320198060120;
02004571920238060125;
02006947220238060151;
02564523520228060001;
02528356720228060001;
08000023220248060040;
02002065820248060030;
02002155220248060181;
02000646520238060070;
01718825820188060001;
02004364320258060167;
02357928320238060001;
00301639220208060171;
00062359420078060001;
02002851720248060069;
02007980520228060182;
00500756520208060045;
03761276120008060001;
00406195520178060091;
02009718720248060043;
02002619720248060130;
02026841520138060001;
02008685620248060051;
00093989320118060049;
00516279120208060101;
00101477820118060092;
02011352820248060051;
02000027320258060096;
00545844220148060112;
02000646120258060081;
04484359520008060001;
00006735620188060054;
00511753620218060040;
02005977120248060043;
02006093820258060112;
02002775420228060087;
02789835220218060001;
02017335120238060298;
01413446520168060001;
00127457920168060043;
00109610220248060071;
02005886520238060069;
02009381620228060028;
08767239420148060001;
00099414520158060053;
02000354720258060166;
00558328120218060117;
00518657720208060112;
00103454720248060032;
02010202920238060055;
00003378420038060084;
02044552620248060071;
00236524320188060173;
02005893220228060054;
02004014620228060084;
00017908020088060071;
00107161420248060128;
02001067820258060124;
00103446220248060032;
00124244220158060055;
08000088920238060164;
02000368020258060053;
00546701320148060112;
01529681920138060001;
02000287220258060031;
02001496220258060173;
02013399620248060043;
02018614720238060112;
02052045120238060112;
02078717320248060112;
02073059520228060112;
02001543520228060094;
02000472220248060158;
02316616520238060001;
00974197420158060091;
02000235120258060160;
00128745020178060043;
02047204120248060293;
00701997320198060055;
00194995220058060001;
02000165020248060045;
02001333920238060057;
02023034220238060167;
02001698620238060120;
00003714620148060190;
00505892820218060095;
00506259320218060055;
02012548120228060043;
00104689120248060049;
08942332320148060001;
02008094520258060112;
00059977320178060050;
02833415520248060001;
00080145620188060112;
00002247720118060205;
02000385120238060043;
02005126220228060041;
00105827320248060164;
02029392220248060151;
02000491620228060108;
00014128720098060169;
00104919820248060158;
00551236120218060112;
02018809620248060151;
00507076320218060043;
01038252720148060001;
02003818520228060074;
00337241320248060001;
02005317120228060040;
00024725720108060041;
00002675320198060069;
00446395420068060001;
00027333120128060177;
02012360420238060115;
02007111920248060040;
00101347920118060092;
00112026320198060034;
02000431420228060171;
01197912520178060001;
30003202820178060012;
02001276020248060101;
00047799020188060109;
00097355020118060092;
02001016920248060131;
07537209320008060001;
00001482120188060104;
00100122420258060109;
01144577320188060001;
00504830220218060181;
02047278320238060029;
02015151320228060151;
00510002020218060112;
02002063220248060071;
02008097620228060168;
00104689020118060035;
02034532420248060167;
00484274720148060114;
02001155620258060151;
02071286320248060112;
02002320820248060143;
00058141720138060156;
02055815120238060167;
02002630320258060043;
00110949220138060115;
00237555020188060173;
01406232120138060001;
02008111520258060112;
00001923920078060035;
00102125820178060126;
01112042920088060001;
02005635720238060132;
02000128720258060106;
00019643920148060149;
00014511620008060035;
00098253820138060173;
03413808520008060001;
00074656820158060171;
02008761020258060112;
00004094720008060029;
00507668920218060095;
02002542020228060181;
00413781420128060117;
00504169320208060109;
02003228820258060043;
00183312720178060055;
08000028320248060120;
00511142920218060121;
00004977620088060103;
00102343020248060043;
02031885620238060167;
02005720220248060094;
02529378920228060001;
00084543020178060163;
00054353820098060117;
02022246320248060091;
00501369720208060182;
02028424620228060101;
00133556120258060001;
00502069520218060177;
02000558320258060054;
02000167420258060058;
00500078720218060043;
00058479420158060169;
00058653620128060100;
00523010220218060112;
00016616220088060043;
02009851620228060181;
00505571920208060043;
02005802520228060069;
00505284120218060040;
00448767820128060001;
00501216820218060126;
00084827420158060128;
00048415420008060112;
00489899120148060167;
02006861020248060168;
00503793720218060075;
02003524920228060134;
00051596320178060040;
00138215520258060001;
02025732920248060071;
02000492220238060127;
02012543320248060101;
00514827620218060173;
00502396620218060151;
00100318320258060059;
00048852320138060143;
02001479020238060067;
00690332320098060001;
00185158820178060117;
00514612620208060112;
00501549420218060114;
02003505620258060043;
01801646120138060001;
02075824320248060112;
00139941320178060049;
01143968120198060001;
00493391920148060090;
04984837220118060001;
00000925920188060145;
02003567920258060070;
02000091920228060113;
00501324620208060122;
05727422420008060001;
02003829320238060055;
00005434720008060135;
00088701520198060167;
03523556920008060001;
00059687320198060043;
00501765720218060178;
00394539520128060112;
02007492020238060055;
02010172920238060167;
00101803420218060087;
02000275620238060161;
02002212620248060095;
00008669520048060043;
02012739620238060158;
00023527320198060081;
00516808620218060182;
02548117520238060001;
02004326720238060040;
00075853620098060167;
02002821420228060043;
02007556320238060043;
00087887820198060071;
00163893020168060043;
00084932720178060163;
02004448720248060059;
02005695120248060028;
02003742720228060096;
02000068620258060104;
02001684520248060095;
00046672820108060166;
02010198020238060043;
02049561720238060167;
02011092420248060053;
00102027420148060043;
02077825020248060112;
02010574520248060112;
02006908420258060112;
02025090720238060151;
00105453720248060070;
02005537720238060143;
00039268420158060045;
01699717420198060001;
02722491720238060001;
02024493420238060151;
00102362420248060132;
03442422920008060001;
00000643320168060187;
00102908320118060119;
02005890620248060040;
00502022220218060092;
02002550420238060073;
02038395120248060071;
02039630820248060112;
00078049720198060167;
05486221420008060001;
02000181620258060132;
02356221920208060001;
02010805420238060070;
00503155820218060097;
00505783720208060029;
02056063020248060167;
02000350220258060084;
00930035720068060001;
00072651420038060064;
01836331320168060001;
00041932720138060045;
02001063920258060040;
04097835720108060001;
05693646020008060001;
00509246120178060071;
00162035520248060001;
02009816220248060163;
00179507120168060049;
02936215620228060001;
00162420720188060084;
00075237120158060171;
00611840920198060111;
02007843020248060124;
02006677220248060113;
02002353020238060035;
00002185520188060163;
00620658920008060001;
00101473220188060028;
02012495320238060163;
00058085320198060106;
00358519620128060112;
02004371120248060087;
02000224820258060069;
02000485520258060066;
00003693320068060101;
02000694420248060170;
02000504420258060092;
00025734520128060067;
02013731720248060158;
00360856720058060001;
00151243420178060115;
00133910620258060001;
00511432020218060173;
02000205920258060043;
02008697520238060051;
02001678920258060171;
00502271320218060164;
00504567120168060091;
03093059020008060001;
02041056720248060029;
02253087220248060001;
01352820420198060001;
02007206820248060108;
02009216820228060128;
00024992320198060171;
00702701820198060171;
02009131520248060066;
02001302120248060099;
00273827920078060001;
00500089720218060164;
00037704120188060094;
00034688720188060069;
00037434720008060043;
02017288120248060043;
02003905820238060156;
00482367120148060091;
02004699520238060169;
02002934320228060043;
02543028120228060001;
02007282220248060051;
02027607420238060167;
00008459120098060125;
00050755120118060047;
02003004020248060051;
00001013320098060049;
02846025520248060001;
02005989520228060182;
02039077220248060112;
00037762620178060145;
00580881220218060112;
00001583420128060150;
02017643020248060171;
01949207020168060001;
02000381820238060151;
02007928420248060163;
00550763420148060112;
00015406020048060112;
00117586120148060092;
02018987420238060112;
02058973020248060167;
00033688420138060077;
02066603620238060112;
00043613520178060127;
02006131220248060112;
02013150520238060043;
00000651220128060202;
00504640920218060112;
02902493620218060001;
02000657920258060070;
00082005920008060064;
02000714020258060053;
00500338020208060153;
01920015020128060001;
00507436120208060069;
02002250720258060167;
00511569820208060158;
00526099520128060001;
00101757220258060151;
00329179020248060001;
02635183720208060001;
00041904520008060169;
00206437720198060128;
00416983820238060001;
00003462520068060057;
00521366620218060075;
00071510320188060112;
02800455620208060133;
00110469620198060124;
03684862220008060001;
00001621920158060198;
00511025320218060173;
02009830420248060043;
02044881620248060071;
02862795720238060001;
02004557620248060040;
02463204520248060001;
01977675020138060001;
00173457920178060053;
00388694620078060001;
00512534920218060163;
01689105220178060001;
02444333120218060001;
02000799220248060104;
02489270220228060001;
02002905920248060030;
02073357020258060001;
00115802920148060055;
00007052720178060109;
02000276820248060081;
00113317220208060086;
03562824320008060001;
00507179420218060112;
00048531820168060109;
00547860820078060001;
02002604420238060067;
00507921320218060055;
02007514020248060124;
05145224720118060001;
00262905120188060043;
05394071420008060001;
02023089820228060167;
00100925920248060032;
00120314220248060075;
00509158220208060075;
02000277620258060067;
02000975720248060058;
02000195620248060028;
02005386220238060126;
02007681520248060112;
00101160720258060112;
00015356720048060167;
00009728820078060128;
00586177020178060112;
02628494220248060001;
02002802120248060125;
02010579620248060095;
00505675220218060100;
00004128120178060198;
02002744520258060071;
00540675620208060167;
02005622720248060168;
02011853520248060122;
00504092020218060157;
02045953420248060112;
02001912020258060171;
00204229820178060117;
02003273120228060168;
00296652820108060112;
02362916720238060001;
08886038320148060001;
02003937020248060158;
00000052920058060123;
00106891320178060181;
02033089620238060071;
00068631620128060096;
00564755420218060112;
02011078820248060171;
02000762520258060130;
02010628020248060043;
00020999220178060069;
02026935620228060293;
00506422820218060121;
00100903620248060179;
02073503120248060112;
02163022720138060001;
02000476120258060069;
00058031020168060050;
00001174920088060169;
00061524420158060051;
02009730320248060158;
02010181320248060156;
02008684020248060121;
02004206320238060069;
00033217820188060031;
02006673820248060092;
02004428120248060168;
00510099220218060043;
02016173620228060086;
00030041220138060078;
02006228920238060182;
00159579420178060101;
00035092120168060038;
00659017020008060001;
02335871820228060001;
00506091720218060031;
02800074220208060166;
02002968020248060090;
02000958720258060176;
00501438820218060171;
02007966420228060043;
02001919520248060028;
02014114020248060122;
02000449020238060097;
02000655220258060176;
02001825520238060130;
02010497320238060154;
02788686020238060001;
02001052720248060125;
02009401320248060158;
02003862420228060134;
00029805520198060051;
02010172820248060156;
02006263320248060040;
02000693920258060128;
00080390220178060178;
02002233720258060070;
00989235220158060112;
02000156520258060163;
02018040820248060043;
00132014820198060035;
02804872520238060001;
00001942020128060201;
00077197520148060171;
00042226920038060064;
02023201520248060112;
00105932620228060115;
00054322820178060077;
02000427720258060121;
00039845420178060098;
02028089620248060167;
02000475520258060168;
04637246820008060001;
00009066020178060160;
00101822120248060112;
00025406920068060001;
00178004620178060117;
05146670620118060001;
00505350220218060115;
02071020220238060112;
00016608920128060123;
00000467320078060107;
00034103520008060160;
02049686520248060112;
02000854120238060167;
02057654120248060112;
02005241920238060081;
00100326220258060158;
02000277520258060132;
00211461320168060158;
02000951020258060040;
02000734420258060074;
00050029320188060060;
02013263420238060043;
02586403020248060001;
00076785920178060121;
00101178920258060112;
00100497420238060124;
02010233520248060156;
02003738320248060092;
00048607320008060043;
02017843720248060101;
00089728520158060164;
02016269520248060031;
02004240320238060069;
02009194820248060122;
00100232420258060054;
02003062620238060134;
02000394820258060081;
00503490920198060160;
02005620520248060143;
02000491020248060055;
00094175520178060028;
00306409720078060001;
00100357820258060170;
00031448020088060091;
02061248820248060112;
02009298020248060126;
02000536820258060069;
02020134820248060084;
02012277220228060084;
00002359420188060162;
00135479620178060090;
04029279620188060001;
02001718020228060091;
02015424820238060090;
02002343520248060124;
01466017120168060001;
02009005820238060128;
02000435020258060028;
02000874020258060070;
02000943420258060134;
00016516620188060043;
02008192220248060081;
02004850620248060075;
02005862120258060071;
00098218220138060049;
02006653520228060158;
02024501620248060173;
00510931720208060112;
02001360720248060106;
02012983020238060055;
02081815820238060001;
02293390920228060001;
02012686120248060151;
00101312720118060092;
00436618720008060001;
00000264420148060202;
02000505020258060090;
00101934220248060050;
00105701220248060115;
00017455420008060169;
02016135820248060173;
02000801820238060038;
02005524620258060071;
02448845120248060001;
02010865420248060158;
00076004420008060062;
00003527920088060051;
00100612420178060084;
02012399820238060101;
02003226420248060030;
02025591620228060071;
00028799220188060070;
00509778920218060107;
02009485120238060052;
00301145120208060171;
02010162820238060043;
00007961420078060095;
04960334520008060001;
02038568720248060071;
02008853420238060114;
00102857420248060032;
00160226920178060043;
02012273020248060043;
02130965320238060001;
02015992620238060071;
00075273020168060121;
00093853020148060101;
02008274820248060097;
00002775420178060203;
02020325420248060084;
02058210620248060167;
07567642320008060001;
02003398620248060067;
00322605120248060001;
00297818520248060001;
00518033620218060101;
00226453220168060158;
02039815520248060071;
00000912620098060166;
00501919420218060123;
02003831820248060096;
02001137620258060122;
00504016320208060097;
00559411320218060112;
00520042120218060071;
02006174520248060081;
00507529020208060176;
02000855920238060161;
08000022420238060054;
00006894820188060106;
00086431620168060107;
02008338420248060055;
00044961020068060167;
02007089120228060086;
00041843320168060054;
02671653520238060001;
02002311220248060179;
02469617220208060001;
05434783920128060001;
00018057520038060119;
00515456720218060055;
00100097820248060182;
02014483220248060166;
02020161620248060112;
00014035720188060122;
02001624120248060094;
00506410420218060037;
00817126020068060001;
00119611120248060112;
02000649720258060166;
02008607720248060181;
00131623620168060171;
02786881020248060001;
02001669820258060173;
02011456620248060053;
00006105420188060111;
02064825320248060112;
02027578920248060101;
00017018220168060069;
02008019820248060081;
02001379620238060115;
02725662020208060001;
02000560420258060043;
02000784520258060081;
00237154720128060151;
00056889520168060144;
00510153020218060163;
02012298720238060090;
02006163020258060112;
02567168120248060001;
00069148420168060161;
02456556320238060001;
02670660220228060001;
02011128420248060115;
04586997420008060001;
02540568520228060001;
00114954520158060043;
02010995320248060158;
02000795720238060030;
02007103420248060137;
00250443920248060001;
00131713920208060112;
02006079720238060028;
00163000720168060043;
02045426620228060001;
02004057320228060055;
00066180920148060169;
00129954020168060164;
04931555020008060001;
00503832520098060001;
00042881220148060178;
00376857920158060064;
02002611520248060028;
02053075320248060167;
00029515520108060104;
00031733420158060076;
00489763220148060090;
00100931120248060043;
02001317920258060128;
00059882320148060081;
00683457220168060112;
00101529420228060131;
00034908820178060067;
00038408720128060120;
02017518520238060035;
00506138720208060096;
02006887020238060117;
00530852320148060112;
02001062420248060121;
02004856720238060066;
02003366320248060122;
02000281920258060081;
02000555520248060107;
02151957420158060001;
02002491720258060173;
02010714220248060043;
00057096320198060145;
02008301820248060092;
01666434920138060001;
00111680320158060043;
02000040420258060109;
00595986420058060001;
00134465920118060158;
02012700520238060171;
02017028320248060043;
00502207920208060059;
02000633820258060126;
02000574420238060112;
00999238720158060112;
00025406020008060169;
02000622420258060168;
02044596320248060071;
00981712020158060035;
00061271720138060143;
00005546620188060096;
00501423620208060043;
00045051620168060039;
02596112020218060001;
01844483920188060001;
02002828420238060073;
02005469820248060095;
00014902620068060092;
02001814320248060160;
00022420620118060162;
02026525020228060112;
02000348420258060094;
00571606120218060112;
02000214420258060043;
00368019720138060071;
02076840220238060112;
00008259320098060095;
02019787220228060112;
00503331420218060151;
02005296220248060095;
01189185920168060001;
02003937420238060071;
02048234320238060112;
02000064920258060181;
00633568020078060001;
00000497720078060123;
00006142320188060166;
02006983420238060176;
04730004020118060001;
00100289820258060069;
02012281320238060055;
02010442320248060055;
03873592120108060001;
02001747520258060173;
06338210420008060001;
02007778520248060173;
00012867520198060140;
00137674620168060182;
00275569220248060001;
00055107420198060134;
02004808820238060181;
00011231020008060125;
00127484820258060001;
02002970320238060122;
00306064320208060171;
02426486320238060001;
00111447220158060043;
00002496420078060162;
02002595020238060167;
00019362520008060032;
02011393020238060171;
02010937220228060075;
00507864220218060043;
02035972920238060071;
00502946520208060114;
02002105820248060107;
01478716220188060001;
00286576320078060001;
02008520320248060181;
06247377620008060001;
02007449420238060120;
00323055520248060001;
02023757420248060173;
02000323020258060122;
02005011120248060058;
00062096820098060117;
02002506320238060143;
02004607920238060090;
00033463720148060159;
00019320820198060101;
02005732520258060167;
02002613920238060096;
00006815820148060188;
02002063720248060134;
02011148820238060115;
02001026120238060043;
02002370920228060108;
01028843820188060001;
02010012520248060043;
01184794820168060001;
01590168120198060001;
02001428620228060040;
02019383520248060043;
00104345320248060070;
00107691920198060112;
00505015820218060040;
02008844720248060071;
00051378920008060043;
00509151420218060054;
00002218720188060202;
01776547520138060001;
00503637320218060143;
00093570320118060090;
02000857320258060166;
02005614520248060070;
00046151820168060135;
02004587520238060069;
00123784020188060090;
02000222220238060068;
02024919820248060070;
00473327420078060001;
00102186320248060112;
00508843220208060182;
00504592620178060112;
02009852420248060091;
01521639020188060001;
00134750320088060001;
00057163820168060120;
02008226520248060181;
00501501820218060127;
00102455120228060133;
02045385020238060112;
00102830920228060054;
00015322320098060043;
02002699720238060166;
00301432520198060143;
00052319020058060001;
02069135820228060112;
00057467220198060054;
00034989020098060117;
02005187520248060081;
02000349720258060122;
04777534020118060001;
00166069420138060070;
00072476720068060167;
00020761720058060151;
02003795920258060091;
00071022220158060126;
00705213620198060171;
02039382420248060167;
00201564120198060150;
01676446420168060001;
02063015220248060112;
00101187920188060028;
00500552520218060050;
02004000920248060111;
03487008920008060001;
02004452120238060055;
00004489820198060216;
02004098820248060169;
00876390720068060001;
02024828720248060151;
00025899320158060131;
06424039020008060001;
00057307520188060112;
02002199820248060081;
00414958220008060001;
08375194320148060001;
00504516920218060157;
00072991320188060177;
02004372020248060181;
02001919720228060050;
02001034920258060084;
01888968920178060001;
00503580720208060169;
02622189820248060001;
02000763920248060169;
00505371920218060067;
00123184620178060173;
00515712420218060101;
02045061120248060112;
02003888620238060092;
02021082320248060070;
02005510920248060035;
00009139720188060069;
00101711820248060168;
02004816720248060107;
01959984120128060001;
04098723220008060001;
02004541020248060164;
02074646720248060112;
02042778020248060167;
00023848520178060069;
02001565620258060043;
02100687720238060001;
00029236420108060144;
02815817620218060001;
02010311620248060090;
02012250620238060137;
02047921520248060071;
01143227620098060001;
00068703220118060164;
00015530220058060055;
00006971020138060200;
00504153120208060070;
02000778120258060074;
00100358020258060040;
00023021920008060144;
00301099320198060161;
02001879420248060113;
02003657520258060091;
00080454320168060081;
02010489620248060043;
00100419420258060070;
00510055320218060173;
02000022920258060143;
02015622720248060115;
02002106020248060074;
00372761920148060071;
02513985420238060001;
02014489120248060114;
00005476820068060040;
00000448820128060217;
02000526920228060043;
02528535420238060001;
00566257920148060112;
02004957720248060163;
02049568020248060167;
00050220420198060043;
00040501420168060116;
06352154620008060001;
01957641520198060001;
02008816220248060081;
00082959720178060095;
00106955320158060128;
02012212320248060043;
00217862120248060001;
00618895620168060064;
02001997220248060028;
02002023620248060122;
08762718420148060001;
02000632120228060101;
02166344720208060001;
00101293120248060115;
02009178520248060055;
00124160520248060167;
03162708420008060001;
00101532220228060053;
01119070820188060001;
00505387220218060109;
00006692920188060180;
02497512420238060001;
02001432820238060043;
02006653720248060070;
02122255720228060001;
02688149820248060001;
00073044020178060122;
02034341520248060071;
02001015420258060157;
00507821120208060117;
02000639820228060140;
00542878820218060112;
00066866720148060133;
00506487920218060171;
00092226920088060001;
02005084820248060043;
02047558820248060167;
02037258320228060071;
02065195120228060112;
00105250720198060075;
02002732520248060094;
02000902420258060028;
00526798720218060069;
00155177920178060075;
00121152920248060112;
04766278620108060001;
00500227620208060177;
00536628320218060167;
02001033720248060067;
02000822120258060166;
00504488720218060069;
02000131520258060028;
02005017220248060167;
00313829620138060071;
00100177520258060067;
00002471820168060150;
02013570720248060112;
00015166120058060091;
00026177520158060094;
04747584020008060001;
02670493420208060001;
02057608720228060112;
02004213020228060151;
02052527320248060112;
02000363220258060069;
02000601720248060030;
00101412420238060101;
02006539120248060112;
02006328920248060056;
00504405120218060121;
02051216920228060112;
02024304020248060071;
02005354820238060081;
02019847420248060091;
00159273920178060043;
02441024420248060001;
00076110420138060164;
02001398820238060043;
02005332620238060163;
02071358920238060112;
00059427120038060064;
02000590220248060040;
00003666320158060198;
00100596820238060076;
00504904420218060132;
00052109420198060043;
02003480520258060070;
02019100220238060173;
02000044720258060030;
00500060220208060120;
02015331820248060166;
02487137420238060001;
02003183320248060028;
00042572420008060035;
02014392120248060053;
01227727120108060001;
00961240520158060090;
02003518120248060138;
00049303020178060129;
02017269820248060112;
02001564820228060112;
02005277020228060125;
02045421120248060029;
00362481620148060071;
02005908920248060169;
00001390420188060090;
02026160320238060167;
02000151120258060181;
02006986020248060059;
02000509620258060107;
00300186320198060141;
01716912320128060001;
02003158020238060071;
02004383520238060053;
00052691320198060066;
02040755820208060001;
00113066720158060043;
04766251920108060001;
02022762520248060070;
00162663220168060043;
02001102020238060049;
02063413420228060167;
01517533220188060001;
02063294920248060167;
02003962420228060084;
02020302920248060070;
00102970820258060112;
00513756120218060034;
02010527420248060095;
00551269820218060117;
02077590720248060112;
00032011820188060069;
02009161320248060181;
02002150520248060132;
00000222220188060184;
02003468920238060107;
02557038120238060001;
02001815020238060169;
02004725420248060124;
06394790920008060001;
00005674420058060121;
00056676420128060143;
02009968420228060168;
02016559320248060113;
02000521420248060071;
02023748920248060173;
02001132220258060043;
02074862820248060112;
02634297220248060001;
02005701220228060091;
01828196420178060001;
00114158720128060075;
00502320720208060120;
00023804820178060069;
02034717920238060167;
02002088120228060035;
02001459620248060096;
00068948220178060121;
00461525720068060001;
02004916120238060038;
00002857020138060203;
02008694120248060051;
02005582120228060051;
01252454920188060001;
02005389220248060040;
02000570220258060168;
00055227420178060032;
00511295720218060069;
03645993020008060001;
02010088220248060086;
02007186920248060053;
00098144520148060182;
01113049220158060112;
00127958720198060112;
02016520220228060084;
02000439120258060176;
00075941020148060171;
02000852820258060084;
02043031220238060071;
00252178420168060117;
00432253120008060001;
00101281220218060128;
02000455020258060115;
00116437420138060092;
00102007220148060086;
02000309720258060045;
02056952420248060112;
02014444420228060043;
00500897320208060134;
00135494720168060043;
00108682620258060064;
02014271720238060158;
00103174620248060043;
00300527420198060129;
02004755920248060075;
00005790520198060077;
00102008520258060151;
00506745520218060049;
02002514420248060133;
02026967820248060151;
02071628020248060001;
00078612720178060122;
00834100420068060001;
00313723120108060112;
02001985620238060179;
02004123720248060074;
02047890520228060112;
02025282820248060070;
00701243420198060055;
02154848920248060001;
02003195320248060081;
05500029220218060112;
05852613120008060001;
02015254120248060166;
02017313620248060043;
00505849020208060143;
02057082320228060167;
02003190320258060151;
02000219720258060090;
02004384720248060167;
02009061920228060090;
00114683420248060112;
00067998620168060121;
02000478520258060158;
02020398520248060071;
02010596620248060095;
02003450720238060107;
02687770820238060001;
02003075520238060087;
02368770720238060001;
02005577220248060081;
02002474720258060173;
00230578620168060117;
02006313520248060176;
00072158020008060035;
02025661120238060091;
01714729720188060001;
02303163020248060001;
02005190820248060066;
02016571920248060160;
02767605820238060001;
00101276920158060182;
02015638420238060070;
00369139620248060001;
00062306220158060140;
02000397520258060169;
00100987020248060160;
00610715720168060112;
00044568220158060144;
02030517920228060112;
00277806020068060001;
02006219020248060143;
00500437220208060138;
02005867620238060043;
01537632520138060001;
00514699520218060167;
07919848220008060001;
02057346820248060064;
00035848920108060161;
02002078820248060112;
01794161920198060001;
00002062120148060215;
02004974420248060067;
02057720420228060112;
02003440320228060157;
02001094320238060111;
02000706720238060104;
00502108120208060173;
00104085520238060049;
00507183120218060128;
02006063820238060182;
02006224020238060069;
02067129520248060112;
02000758620248060126;
02008973920228060096;
02591149820248060001;
02441252420238060001;
02000084220248060120;
00082007420198060167;
02012323220228060137;
07816335020008060001;
02064199620228060112;
02008177720238060181;
00112614920248060075;
02000416020248060143;
00043045020128060108;
00511275520208060091;
02008495720248060081;
00100758120258060163;
00100066020258060030;
00121897320008060064;
02015356420248060173;
00100185920258060132;
02003885420248060059;
02007878420258060112;
00100156020258060179;
06362045220008060001;
00101033720258060167;
02000796620258060166;
01023835520168060001;
02000184520248060069;
00018997120008060040;
01306128820178060001;
02011253620248060066;
02512444120208060001;
00071595720148060164;
02018582720248060090;
00164710420118060151;
02000642720258060157;
00103564720248060171;
00104378620158060049;
02028889420248060091;
02569818320248060001;
02001161320258060128;
02028314720238060112;
02019504920248060043;
00156921920088060001;
00001940620088060057;
02054773020238060112;
02271814420238060001;
00000780820098060140;
00003025420188060099;
00503713120208060096;
02019864720248060090;
00108574620148060043;
00067263920008060101;
00503603120208060151;
02002134720248060031;
02002020720248060067;
07672575920008060001;
02025343520248060070;
02742827720238060001;
01451105820188060001;
02001879720228060070;
00002130420198060032;
02036065720248060167;
00006503220148060190;
02014810320248060043;
00024515820148060165;
00500665220218060180;
00510909020218060059;
01485346020088060001;
02037059220228060071;
04640494320008060001;
02062365720248060112;
00522649820218060071;
02109253120208060001;
02511197320208060001;
00237346220058060001;
00509062420218060128;
02013046720248060163;
02001366320258060173;
02502068620238060001;
00358703120128060071;
01049869320158060112;
00052052520198060091;
02002230820238060070;
02001305720248060087;
02003090520248060050;
00056621120168060108;
02000164020258060134;
00100724620258060028;
02009496720238060171;
00134086220178060182;
02001189020228060094;
09217535520148060001;
02034238320248060071;
02008646220228060124;
00048151520008060158;
02996448720008060001;
00003053420138060212;
01800837320178060001;
00504892220218060112;
02005736220248060069;
02001225620248060095;
00529497920218060112;
00110836020238060035;
02002432820258060167;
02005467620248060070;
02021166820248060112;
02505800520238060001;
02015000920248060043;
00004039020038060043;
02004453220228060095;
02015390620248060043;
00054621320158060084;
02009390620238060112;
02123141220248060001;
02004044220228060038;
02042466020248060167;
02012126120248060043;
02047628020248060167;
00111256420248060071;
00066331620108060137;
02051786620218060001;
00028012620108060120;
02004679120238060051;
02025157720248060151;
02539586620238060001;
02000268520258060166;
00523038620218060171;
02019491720238060070;
02013699520238060034;
03155181520008060001;
02144848820238060001;
00505356920208060104;
02006315120238060182;
02004479520248060106;
02000033120248060084;
02006513620228060066;
00066718320128060096;
02009990420248060157;
02001586920248060040;
02013712320248060166;
02004902820238060151;
02000695620258060090;
02013068420248060115;
02015931420228060084;
02002131320228060162;
02505041520228060001;
00007902620098060163;
02435228220228060001;
02063659120248060167;
00049201220118060156;
02000570420228060169;
00002657120068060091;
00029261820088060070;
02003152420248060143;
00502752920218060145;
05357956820008060001;
02002877120248060041;
02005089720238060038;
02004131820248060140;
00005204720068060182;
00457236220178060112;
00010782820058060158;
02698438620248060001;
02002914620248060094;
02013778920248060114;
00008790520198060129;
02014420620248060043;
02045213520248060029;
02000212620238060104;
00012445520138060069;
00082717520088060001;
00517591720218060101;
02003840320248060096;
00509340920208060069;
02015024920248060052;
02000610420258060115;
08000232020248060133;
00501187120218060043;
02005223920248060170;
00136210520168060182;
02014871020248060043;
02789119420238060001;
00006138420148060196;
00057002120198060107;
01750998020168060001;
00263573520248060001;
02004230320238060074;
00076846920008060151;
00572025220178060112;
02002675420248060179;
02004287920228060035;
02012215120248060163;
02002324520248060163;
02000298820258060053;
02430779820218060001;
02067134020158060001;
00505382420208060104;
07651998320008060001;
00386365320248060001;
02009730620248060157;
02001566420248060084;
00096467620138060053;
02011887220228060182;
00162516620188060084;
02000590720258060124;
02001506520228060104;
00405384120248060001;
00100939020258060070;
00878902520068060001;
00054193520118060143;
02040900920238060167;
02008124120238060121;
07107975220008060001;
00512220220208060151;
00175088720168060055;
02004077220248060055;
00073093620138060176;
02020861320248060151;
00501077020218060163;
02693273720228060001;
02008595520238060043;
00507432420218060167;
00092950220148060043;
03942995120008060001;
02066436320248060112;
00067642220138060028;
00227518120188060171;
00116027320148060092;
00086397020148060164;
00083395420148060182;
00151439220008060064;
02003569320248060109;
02796619620238060001;
00621426420198060088;
00502225320218060111;
03088555020008060001;
00056373520158060107;
00007480820088060164;
00523588320218060091;
02013641020248060173;
02002677620248060107;
02020397620248060171;
00700044820198060133;
00171018420178060075;
02009611320248060053;
01945067220168060001;
02794104420248060001;
02011246120228060053;
02002478920228060096;
02001128620248060038;
00654487120168060112;
01663247620168060001;
00011072820088060173;
00036736820008060095;
00104306720248060053;
02062994820238060167;
02004249220248060125;
02012052620248060122;
00502850820208060081;
00501195220218060109;
02010938720248060112;
00500061520218060169;
06043998120008060001;
02001347720248060125;
02008828420228060059;
02008245520238060121;
02487636620248060001;
02008318920248060128;
02012834720228060168;
00136606520178060182;
01132524320178060001;
02016724820248060043;
00289213320108060112;
02010545720228060081;
02005847020238060055;
02005005120228060040;
02001095320258060182;
00005382220198060050;
05032946120008060001;
02007054020248060160;
02767764620228060001;
00515568920208060101;
00360053920248060001;
06246719620008060001;
08434338820148060001;
00100562320258060051;
00058457520198060043;
02003495620228060179;
00016011520008060126;
00155333220178060043;
02000818820258060181;
00523312420218060084;
00101019520218060203;
04328068120008060001;
01345035920138060001;
00002539420158060203;
00008071320108060071;
02041577120238060167;
02000625720258060157;
00110101620138060043;
02016888320228060071;
02001026820258060115;
00045458920178060159;
02014892220228060084;
02756035520208060001;
00001765620198060038;
02002098920228060092;
02000322820258060058;
00970774120158060163;
02505486320248060001;
00123325720178060164;
00517464820208060167;
01177086520198060001;
02008393420248060171;
00503855520208060115;
00056017720198060066;
02000275320248060086;
02003825120238060069;
00001721720108060173;
02736894820238060001;
00105304420218060112;
02009274620248060115;
02009251720228060028;
00480048820178060112;
02076067120248060112;
02000147620258060132;
02005544620248060040;
02000087020258060067;
02016685420248060158;
02009779220238060055;
02001133020248060181;
00500825120218060068;
02038338120238060167;
00101666220248060049;
02707527020208060001;
00295522620008060112;
02007332120258060112;
04148431120108060001;
02544003720208060001;
02025947620248060112;
00505492920208060112;
02000186320258060084;
02005335120228060069;
02012557520238060158;
00584946620078060001;
02002078720238060156;
02000171120258060074;
00139087620198060112;
02318548020238060001;
02647854420208060001;
02811963120218060001;
00586055620178060112;
00051170220168060120;
00052005120168060109;
00501598220208060169;
03323563320008060001;
02022452120228060055;
00617357720098060001;
02703577320238060001;
02000133020258060120;
00002644920188060129;
02001265520248060043;
00000796620188060143;
02005698520258060167;
02003529020238060109;
00133642320258060001;
02066898120248060167;
02556024920208060001;
00208239720148060151;
02005648920228060160;
02488303120248060001;
00012543920068060136;
00015679420128060069;
00103685720248060043;
00058529420178060089;
00037259420158060109;
02003366020228060081;
00052413920158060178;
02073431020228060112;
00053682520148060141;
01880247420178060001;
02006378120248060163;
00100128820258060120;
02000120920258060132;
02000321220258060031;
02012100220238060084;
01370448920188060001;
02016489720238060158;
02732388620248060001;
00112628820188060125;
02000063020248060134;
00466918420188060071;
02011881720228060071;
02005305220248060158;
02018529820238060043;
02004137120238060069;
02048404520228060167;
02006907720248060158;
00103557720248060166;
02012103220238060171;
02015605320238060160;
02010529020238060101;
02705823020228060001;
00547104820218060112;
00126263520258060001;
02651153620238060001;
00084451320148060086;
00503396920218060135;
04804831020008060001;
02047723220238060112;
02002606420258060167;
02000281620258060179;
01982741120138060001;
00003006920188060201;
00061367520198060043;
02041427320238060112;
02016381920248060158;
02002019520238060054;
02002903820238060113;
02008403420248060166;
03605573520008060001;
02000250720238060058;
02000579020258060074;
02001502920248060158;
00298701120248060001;
02062740620238060112;
02014841920248060055;
02014675720238060171;
00508124520208060182;
02014548720248060053;
02839019420248060001;
02596983920228060001;
04900653420008060001;
00001448220178060212;
00010210820188060173;
00161735420238060001;
02003509020248060043;
01323598820088060001;
02034429720238060112;
02007476920228060157;
04280936320008060001;
02029311620228060151;
00190171920178060055;
00981191620158060167;
02003714220228060106;
02025083420248060071;
02007227420248060096;
00011511920188060069;
02001145320238060115;
00038356720148060032;
02002509120238060166;
00017268920078060173;
00050082020168060077;
00507725620208060055;
02001623620258060052;
02008076820248060158;
02000882720258060134;
01600916820138060001;
02000558620258060053;
02018718620248060070;
02071981720238060112;
02048617820158060001;
00101856820258060167;
02006433020248060053;
00354701320248060001;
02013593720238060071;
02072975020248060112;
02011825420248060163;
00045959320108060084;
00501328620208060044;
02000208720258060163;
02003847820228060029;
02000203320258060181;
02000844320258060181;
00139767820178060182;
00059123420198060142;
00512186120218060043;
00042813720178060106;
02920063120228060001;
02000081820238060107;
02024679620248060029;
02128502320248060001;
02061476820238060112;
02000359220258060151;
02003977220238060181;
02025283320238060112;
02008369020238060114;
02003228620238060131;
02357365020238060001;
02017660920248060071;
02005261920248060092;
02002612920238060067;
02007041820248060043;
02002263820248060066;
00501430620208060145;
00144204720188060095;
02070812620238060112;
00100422020218060135;
00565621420058060001;
02007598320228060157;
02076343920248060112;
00017725920138060079;
00081188120168060156;
02000483620258060040;
02009615920248060070;
00241003320078060001;
00093216320158060043;
02008797620248060054;
00061245220158060156;
00515119520218060151;
02347595820238060001;
01196917020178060001;
02005882020238060181;
02002374320228060032;
02000432520238060059;
02568062620238060001;
00038040520008060043;
00296274920178060151;
00508389220068060001;
02000772920248060038;
00100950520218060166;
02263656720208060001;
02005675920238060176;
01589039820178060001;
00065955420158060096;
02001429020228060168;
02243468920008060001;
02005308520258060071;
02004122020248060112;
04521688320118060001;
02739290320248060001;
02676110420248060001;
00102619220258060167;
00010447720178060111;
02075668920248060112;
02731591020248060001;
00005967520038060053;
00100034520228060084;
02004267820248060055;
00506702020218060113;
00001432120108060155;
02031423320248060167;
00948967820098060001;
02001038420258060040;
00164589520178060053;
02037339720238060112;
02012183820248060053;
02003531920248060181;
02000925520258060040;
02004733620248060125;
00100554020258060115;
05446702720008060001;
02038226220238060293;
02829873020248060001;
02000911320248060038;
00047056320158060134;
02802473620238060001;
02096977920248060001;
00190999820008060167;
00018519820008060077;
00104150920248060115;
02025520720248060151;
02001076120258060157;
02577275320218060001;
00510784820208060112;
02000710620238060087;
02001358920228060171;
02005261420228060181;
02004990820248060069;
03603296020008060001;
00985383620158060167;
00528374220218060167;
02001024820258060154;
00510817920218060043;
02000991920238060169;
00226756320108060001;
00101876020118060092;
00078006420178060156;
00055252920178060032;
02024675220248060173;
00000051120188060111;
02009368520228060112;
02019179320238060043;
02007525620258060167;
00111996020168060181;
02001217820238060104;
00035938520068060001;
00505128020218060107;
02001842420258060043;
00524217120218060071;
02011883120248060173;
02000776020258060081;
02001094620248060131;
00197223820248060001;
00066734420128060099;
02005248120238060028;
00210843620178060158;
02002788620248060081;
01624528220188060001;
00095916920188060112;
02814015520248060001;
00156283220178060053;
02800528620218060109;
02686324920238060001;
02017897720238060171;
06659653120008060001;
00971222720078060001;
00044730620198060136;
04525393320008060001;
02000929220228060094;
00100726920218060098;
02053964720248060112;
02021657520248060091;
02025412420248060071;
02055921720248060112;
00419824220068060001;
02000677120248060171;
02000296020258060030;
02006710820238060158;
00063708820008060151;
00064451420108060043;
00523165520218060084;
00201908620178060117;
02000149120258060030;
02053829220248060167;
00504392720218060037;
00502327820218060085;
00026446620148060038;
02009852720248060090;
00513742020218060182;
00506062620218060043;
02058258220228060112;
02012238220228060133;
00010266720078060156;
00558076820218060117;
02000249020248060121;
00001151420188060142;
02387215520248060001;
02004467520248060053;
02002573920248060040;
02004867020248060081;
00392285920118060064;
02000670620238060107;
02001796320258060055;
02010087720238060099;
00000802620138060111;
04105976920108060001;
02007436520258060112;
02004104520238060028;
01935014920158060001;
02003456420248060109;
02006037420248060109;
02589394620208060001;
02004970320248060113;
00516850720008060001;
00507564320218060128;
02000226520258060031;
00049683520188060120;
02000821820258060070;
00022859520198060150;
02000670320258060053;
00103042820118060035;
02029911820248060151;
02031833420238060167;
04023132420008060001;
00016369220138060069;
02008795820248060157;
00500659120208060054;
02002464820238060071;
02007958220248060181;
00101140320258060091;
00031989820158060059;
02011131420248060101;
02009166520248060099;
02000344920258060041;
02009152720248060052;
00539157620208060112;
00126434820178060164;
04796230920008060001;
00055023220108060096;
02001352220248060106;
02003817920228060076;
09010500620148060001;
02003850620238060069;
00553286620168060112;
02000208320258060132;
02008958420238060112;
02069865920248060112;
02018540820248060084;
00368272820248060001;
00010147720198060109;
00363584220128060117;
02639926620248060001;
00212710820198060115;
08749484420148060001;
00010481720198060056;
00101864220248060182;
00461305720158060009;
00849790620078060001;
02011105220248060071;
00004236120148060216;
02005386520258060167;
02037921420238060071;
02267501520208060001;
02035493620248060071;
00009278520028060055;
02003612820228060096;
02002420520238060073;
02652479820208060001;
01148566820198060001;
00095298620178060169;
00037803720168060165;
00024056120178060069;
00102602420208060122;
00000778020158060150;
01533218320188060001;
02005202620248060055;
00202378720198060150;
02000035920258060031;
00018175920148060069;
00115849220138060090;
00527487220218060117;
02053352120248060167;
02000622720258060070;
02005990920258060301;
00000762720188060171;
00295534720238060001;
00408504120188060158;
00106935620248060035;
00004326620188060027;
08523128420148060001;
00100242920258060112;
02005917420248060169;
00100118620258060158;
02000661520258060151;
02004878320248060104;
02006846920228060181;
02002432020248060181;
02015390720248060075;
02000216320258060166;
01442266320178060001;
02678695320208060001;
02022639420248060112;
02001596220238060081;
01503047320178060001;
02278133620248060001;
00503485620218060159;
00001005020108060134;
00110314620248060062;
02085588920248060293;
00156208520178060043;
03969574820008060001;
02000422220258060107;
02001432120258060055;
02005755620238060040;
02003013120258060167;
00180814320198060113;
02003514120258060043;
00060554520168060104;
00509715120218060182;
02000356620258060095;
02000830520258060134;
00000596320198060168;
00001640420008060169;
02016257420248060043;
00012664020008060176;
00502485120148060158;
02018526820248060171;
00501688220218060145;
02021435120248060112;
00082417120138060128;
00021466920158060123;
00500672320218060120;
00503264520218060111;
02030396020238060167;
00503696020218060182;
02036955120248060112;
02018923320248060112;
00100589020258060051;
00101024220008060001;
02003043920228060054;
02000036520258060029;
00000915020158060187;
00143774320168060043;
00110985420138060043;
00014321420008060163;
00685027420168060167;
02002581520248060043;
00100571820148060043;
00006167720138060033;
01812538020178060001;
02000937820248060168;
02066456720238060112;
00055602320138060066;
02029203620248060112;
02015957620248060160;
00027640820178060167;
02012056820228060163;
02431113920228060001;
00007394020198060203;
02004097620228060034;
00122933720168060086;
00504548520218060169;
10101189020258060101;
00118551120168060086;
00027748820198060100;
02000834620238060143;
02007545020228060096;
00078015020188060112;
00058017420198060134;
02002645220258060151;
02667808720238060001;
00118135220138060090;
00195405120078060000;
02033658020248060071;
02061190320238060112;
08000121620228060115;
04271249620108060001;
02012203920238060151;
02056831020248060112;
00504895720218060068;
02538989320238060001;
02020866220248060070;
00134448920118060158;
00042145720008060142;
02000897120248060158;
02847033520008060001;
02517700820208060001;
02013931920248060122;
02034368220248060071;
02325318120218060001;
02780033720238060001;
02011916520238060158;
00505151420218060114;
04771596020108060001;
02008108620248060040;
00501703820218060085;
02002954920228060128;
02013708720228060043;
02003860720238060096;
02032965120248060167;
00496157020078060001;
00002952220048060077;
02002159120248060168;
00567231920088060001;
00171647620008060117;
00000207320188060177;
02030418220198060001;
02001182520238060169;
02008910920248060081;
02004923120238060043;
02016486720238060071;
00040037020168060106;
02033683520248060071;
02001558420258060071;
02001393620258060167;
02006090320248060038;
00131504720138060035;
01244811520088060001;
02032754620248060112;
00039411820158060089;
00605108320188060202;
02004409420228060067;
02012582120228060043;
02002478120228060131;
00003012520168060201;
02004204520228060054;
02011053320248060070;
02161932720248060001;
00381827320248060001;
05191965420008060001;
02003227320228060179;
02072938120228060112;
02007503520248060163;
00002066720178060198;
02028071820248060101;
00257003620008060001;
00115108220138060043;
00594048320168060064;
00576967220218060112;
02003633920238060168;
02007672520238060028;
00166592420168060053;
00038568720188060069;
02006394020238060081;
00100417020248060057;
00427506120138060117;
00069666920178060121;
02041940620228060112;
02000763820258060158;
02007628920248060182;
02018477420238060173;
02010201820228060070;
00128347420148060075;
02000552320258060074;
01844521320178060001;
00143846920178060182;
02016590220238060070;
00002331920158060037;
02712795120228060001;
00100329420258060115;
00504113120148060158;
02130731020238060001;
02187756820228060001;
02001310720258060055;
02480127920248060001;
00509721820208060167;
02000743620248060083;
03596661420008060001;
00613507120058060001;
02719288420208060001;
01576753020138060001;
00464111820078060001;
02020160420228060171;
02703629520238060001;
00367355720148060112;
02003873620248060070;
02002265920238060038;
00506349220208060054;
00008825320158060111;
02004762120238060094;
00502265020208060071;
00132297620198060112;
00387976320248060001;
00086854120128060128;
00500311320208060153;
00000633920098060140;
02008359420248060171;
02062780920248060112;
00059765020198060043;
02505117020238060001;
02001588320248060100;
02062602220238060112;
02401673620008060001;
02016404520248060301;
00006253920138060033;
02808126320248060001;
03790194020008060001;
00513379020218060182;
02010017520258060112;
02002779120238060031;
00498673420148060064;
02001599820248060090;
02250717220238060001;
02000432420258060166;
00049022720138060089;
02010524920248060071;
02006215220238060167;
02002531320248060101;
00016466320248060001;
02000192520258060124;
01772658520168060001;
02000557920258060120;
00130645720088060001;
02003008820238060111;
02055145220248060167;
00503495420218060090;
00013509420008060029;
00042788220178060106;
02017837020238060171;
02003049020228060134;
02002460620238060182;
02008421720228060055;
02380498120238060001;
00100100420248060040;
02004001120258060293;
00367519820118060117;
02006598720248060051;
02005796220228060094;
02007412720258060167;
00100669220248060054;
02861424120248060001;
00102454020218060051;
07698229320008060001;
00517460220218060171;
02003797320248060130;
02024208420248060171;
02002082220238060108;
00517519120218060084;
00009875420098060171;
00111037620138060043;
02003138420228060091;
00000817520198060054;
02002404920248060057;
00500991820208060167;
01026873520088060001;
02004291820248060157;
02005054120248060125;
02026451920248060167;
02009695820248060095;
02018728920238060043;
02023852120248060173;
00092937120168060169;
02005515620248060181;
02005144120238060156;
02011534920248060051;
02001975820238060054;
04224052320008060001;
00507194420218060151;
00133868620178060090;
02734423320248060001;
02000156220228060101;
00055175220178060032;
02000326220228060113;
01815213720178060001;
00072116320148060096;
00512829120218060101;
02003112120238060143;
00100141320258060038;
01564393820168060001;
02007943020248060171;
02051635020248060112;
02007437720238060163;
00112203320148060043;
02400942920218060001;
00029731020198060101;
00003202920198060200;
00656369320168060167;
00100579720148060049;
02578946520248060001;
00101593720248060157;
01647837120178060001;
00089654520198060167;
00032638120188060029;
02000739020258060091;
07546779420008060001;
02009208120238060182;
00004580520188060176;
04379252320008060001;
00005573420058060142;
02457260220228060001;
02002383220238060181;
02000543820258060074;
00090201320168060066;
01051536520098060001;
00100148720118060075;
02000581620258060126;
00101834920258060151;
02004225320228060106;
04847299720108060001;
02056360220238060167;
02017591220238060084;
00063438720158060084;
00500168320208060043;
00105263120248060070;
02001674720238060143;
02004835320228060092;
00005544920188060037;
02010077820248060157;
02025453220228060071;
02010682620248060128;
00009439420178060190;
01639765120178060001;
01517937720198060001;
00308125720208060171;
02001639420228060094;
02064819720248060167;
02010025620248060157;
02009915620248060115;
02007671920248060051;
00401409420248060001;
02004037620238060182;
00004654120078060092;
00004846320198060177;
02003646520248060143;
02008666720238060101;
02003516420248060176;
02044622120248060167;
02005407220248060069;
02004021420248060067;
02000341820238060171;
01745717520188060001;
02019487920248060043;
02001009120258060182;
02017962920248060173;
02025143220248060171;
00057211320198060134;
02002485220248060113;
00591096720148060112;
02001016320238060112;
02001877520238060066;
02002545020238060095;
00563752520168060064;
02004976920238060167;
02186264320208060001;
00055374020168060109;
02007683620238060084;
02010588120248060095;
02004170720238060038;
02021245920238060151;
03012765120008060001;
00504498520218060097;
02817702020228060001;
00272409520168060151;
00019390220118060094;
00069789320188060074;
00077088120108060043;
00084943020188060081;
02016279720248060090;
04084384120198060001;
02005707120238060157;
02011437920248060091;
02000967220258060176;
02003559420258060070;
08000037920248060084;
00021720520198060163;
02015601620238060043;
02002233920228060168;
00052310820128060143;
02006968420248060158;
00004817720128060202;
02814214620248060001;
02011099020248060128;
00502547020208060086;
02816405920248060001;
00049082720138060156;
02018408420218060001;
02012957720248060043;
00508498720218060101;
02905152320218060001;
00008574420198060129;
02002074220238060074;
00532808720218060071;
02000462420258060054;
02047584020248060071;
02048786520258060001;
02001742320248060137;
00130362720138060062;
00480881020128060001;
02000293420258060168;
02002407120238060158;
02005731720248060181;
02003145220238060053;
00048632320138060156;
00000256220098060096;
00077002720138060164;
02007255520248060055;
00332382820248060001;
02001560820248060038;
02012026320228060115;
00009901920008060108;
02002362420238060032;
00100057020248060043;
00509746920208060043;
00057803020178060050;
02002788520258060070;
00018245820108060112;
02009441320228060096;
01945127920168060001;
02002400220238060181;
02008214320238060043;
02697753920248060001;
02024166420238060112;
00106539520198060117;
00059471320198060071;
02000556220248060040;
02003754020238060043;
02000045020258060126;
00134369320168060043;
02003112620258060151;
00137381020128060158;
02000435220238060050;
01586947120138060001;
00104090620248060049;
02014026020248060031;
02001100520238060054;
01930412320198060001;
02006953920248060081;
02590174120008060001;
02003733620248060043;
00049587520128060160;
02000386320258060081;
00003082920188060142;
00070685020198060112;
02006510420228060109;
02001321520258060112;
02000822120258060069;
02006307420248060168;
00131087020168060171;
00114705120248060064;
02002493520258060167;
02025021820248060171;
00015300320138060079;
02005109420258060071;
04727163220118060001;
02002585220248060160;
02008741820248060066;
00037323520178060168;
00101953920208060054;
00104694020248060158;
02451354020228060001;
02003225320238060045;
02060056420238060112;
00000137920138060202;
00065498820198060043;
02604547720248060001;
02005167520238060070;
02007649620238060181;
00391743020078060001;
02002973920228060089;
00054291020198060043;
02010670520248060043;
04872135120118060001;
02000311020248060145;
02451435120218060001;
00084521220128060171;
02026062220248060167;
02800190820218060106;
02197346820248060001;
00012644620138060069;
01960191720128060001;
00501010220218060054;
02022823720238060112;
05338755920008060001;
00065624220138060126;
00503051420208060173;
02000933420228060173;
02392158520228060001;
04064963820008060001;
00023192020008060091;
00015642420198060028;
02003073020258060299;
02007756920248060059;
02007764720228060181;
08000053220248060122;
00060888320148060143;
00553358620058060001;
02002240420258060173;
02004485520238060158;
00005999220198060142;
00964534820158060112;
02532285520238060001;
02001312120248060094;
00502900320148060158;
00183089120198060029;
00578880520218060112;
02006806720238060158;
00541495820208060112;
00012726620088060176;
01374489220088060001;
00026923920148060098;
02003615620248060161;
01639517720138060001;
00518227220208060167;
00001341120188060145;
02038845820248060167;
00503555120208060137;
02012146520238060043;
00360070820158060071;
00126582620168060043;
02009679620228060115;
02008288320238060124;
02000864820258060040;
02004995420248060086;
02003716420228060131;
00410688620138060112;
00500124620208060043;
02450040220218060001;
02006501520248060120;
02001185620238060094;
00072967420098060112;
02066119220238060112;
02003986720248060134;
00114476320208060091;
02013015220248060086;
00055775220178060120;
02046127020248060112;
00083447620108060001;
02018552020248060075;
00045701520188060112;
02012585520198060001;
02004797320228060073;
00515411620208060071;
04556287820118060001;
00004988620038060119;
00484603820178060112;
02015091420248060158;
00048447520178060059;
00565563220218060167;
02000715920258060176;
02000773020228060028;
02007426820248060095;
02052102420248060112;
00506593920208060173;
00347548320248060001;
02013640420238060154;
02009634520228060055;
02000333220258060181;
00408739420238060001;
00118018320248060112;
02012672820248060070;
00535207620218060071;
00105752620248060053;
00378638320128060112;
02005236020248060158;
02034671320238060112;
00133643820138060035;
00026858620158060106;
00170338320178060092;
00124028920248060112;
02001606920248060127;
02001608020238060167;
00019071820198060158;
00503766920218060047;
00527672820218060069;
02039259020228060071;
02003541220258060167;
02041358120238060112;
00062761520008060128;
02736992920228060001;
02004173720238060028;
00505306620218060151;
02000365420258060094;
00178398620068060001;
02982651420008060001;
05237130520008060001;
00068134620138060163;
02000128220258060043;
00486353120148060114;
00126238520178060090;
00523374420218060112;
00101295720118060092;
02001943320248060163;
02735249820238060001;
02046163620248060071;
02016609820248060151;
00080121020178060084;
00105686020228060164;
02026917620248060112;
02000834120248060101;
02037619420248060091;
02046241320248060071;
02014262320228060043;
02007825020228060053;
00004384720188060068;
00046115520168060078;
00022683420198060029;
02436642320218060001;
02009878420248060158;
02001286120248060031;
02004717420238060069;
00004012820198060054;
01114547320158060112;
00099065720138060182;
02007305420248060095;
02008867720248060051;
02025890220228060055;
02574798720218060001;
00622884220008060001;
02006319620258060112;
02006098320238060055;
02000913720258060051;
00005008220058060217;
02005734220228060163;
00589303620148060112;
00004358420058060121;
00540176720198060069;
02038005720248060167;
02736123920238060001;
00009398420008060212;
01314211520168060001;
00006189120098060096;
00316701120238060001;
02043565920248060167;
00104146220248060070;
02005785620248060143;
02000676920258060128;
02016556720228060112;
00510337720208060101;
11001192420258060101;
02462359820208060001;
00506844520208060143;
02000380420258060133;
00507212120218060181;
02663388720248060001;
02003215820228060092;
02000642620258060028;
00000267920188060145;
00508826720208060051;
00110888820248060151;
02004197120248060157;
02015262020248060071;
00124002220248060112;
02006237420228060064;
00050094420198060030;
00126456520188060137;
00146337420008060001;
00002444620178060209;
00454314820138060167;
02852792220238060001;
00100688020238060124;
02720107620248060001;
00092336420118060043;
02005571120248060069;
02039834120248060001;
00511223520168060071;
00005248420188060143;
00024231920168060069;
00050711420118060047;
00058386720168060050;
02000588520228060040;
02000828820258060176;
02046224320248060071;
00225466520008060112;
00085635020178060064;
02005294920228060122;
00359664220248060001;
02000878820258060151;
02000702220248060043;
02006616320238060028;
02004806020238060158;
02000414120258060041;
00021204220198060055;
02013288820248060133;
00574317020218060112;
00078911120148060173;
00509441920218060069;
00503780420218060091;
00012649120008060169;
02029635020248060151;
00047874720008060158;
02002024620248060151;
02024606620248060171;
02002639520228060111;
02045920820248060071;
00059532020108060173;
02026633720248060071;
00100845120258060128;
00501836820218060107;
00018199520178060110;
02048941120248060112;
02020942120248060173;
02625223920208060001;
00506484020218060087;
02446994720238060001;
00011925420138060200;
00508748920218060040;
02057848120238060112;
02707445420248060001;
08000733920228060158;
02723285920248060001;
02013813820238060090;
00553768320208060112;
02019879220248060070;
00515875620208060151;
04987018620008060001;
00094333720148060182;
00510066120218060133;
00040491620198060054;
02002877420248060040;
02006832420258060167;
02016947320248060151;
02003269020228060121;
00059896020158060117;
01018463020148060001;
02000638920228060143;
02002577820248060124;
02001592420258060071;
02003195920248060176;
01070186020088060001;
02061869420238060167;
02000575720258060182;
00501860220218060114;
01572047220178060001;
00117481020218060112;
02010614820238060070;
02004124620228060126;
02015271120248060166;
00051244020188060082;
00709554120058060001;
00524949420218060151;
02006548120248060175;
00040345920188060029;
02049004720248060167;
00062019020138060169;
02008492320248060157;
02040961620248060091;
00080164420108060035;
02000182720258060096;
00160563620168060154;
00066352420168060121;
02000613420248060181;
01505928420188060001;
02007581820238060043;
00551170920158060001;
00012251920098060092;
02008148120248060054;
00340166220058060001;
02751387520228060001;
01583927620128060001;
00511795120218060112;
02008786220248060096;
02004837920238060169;
02004996120238060095;
02015456720248060122;
00015238620098060164;
02002698520248060094;
02009444420248060160;
02017942820248060151;
02001352820258060028;
00526772020218060069;
00115385920258060001;
00102861020228060168;
02013113120248060043;
04211209220008060001;
00063785020118060096;
02016394220248060113;
00038200220168060106;
02000734020258060043;
02010810220248060071;
00497636120168060035;
00004085320188060216;
00071048920138060181;
02693873920248060001;
02053197220238060112;
02000734920258060040;
02017315220248060070;
00104428220228060043;
00007599820098060100;
02014334520238060151;
02000220320258060084;
02003313120228060051;
00026559820108060050;
02007400520228060181;
04009145720008060001;
02005778420248060171;
02004449520248060121;
02000730720258060054;
00456347820138060112;
02012205920248060133;
00002588920058060099;
02535763920248060001;
00001443720188060054;
00122128620128060035;
02004696620238060114;
00100947320248060179;
01069808220078060001;
02005609420258060112;
02000963820248060134;
00043024320108060143;
02008218920248060081;
00003215420148060211;
00500032220218060117;
02005676420248060163;
02019353620248060090;
02034410820228060158;
02000673720258060074;
02000623920258060163;
00008753820198060041;
00068235220198060043;
03664389020008060001;
02008367520248060043;
02001136320228060128;
02008353120228060053;
00349505320248060001;
00502963620218060070;
02310349520228060001;
02002095420238060157;
00001981720198060038;
00500231820218060180;
02003247420258060070;
02005806020238060143;
02006635320248060107;
00017986220198060171;
00026151220188060091;
09053057520128060001;
02039027920248060167;
00302525020108060112;
02009798020248060167;
02000382820258060125;
01881803320158060001;
02000813320258060167;
00358076920138060071;
00001103820128060033;
00066772420158060084;
00514127020218060040;
00072872620148060181;
02003107120228060175;
02003132520238060067;
01009680820148060001;
01089476520078060001;
02006832620238060092;
02014937120248060122;
00002466720188060116;
02005362220248060041;
00103389520248060051;
02024997520248060167;
02022052320248060070;
02003605720228060156;
00030782020118060116;
00521745620208060029;
04634518920008060001;
00504724120218060126;
00101932420218060090;
00516126920208060151;
02002206620258060043;
07857128120148060001;
02008259120248060028;
00528406520218060112;
01523076420188060001;
00001063820128060150;
00079560320108060090;
00130896020188060182;
00008999320198060129;
02882302320228060001;
00069408320008060051;
00513831220208060151;
00509896820218060054;
02213773220228060001;
00027415720198060049;
00100479820258060071;
02001497720238060126;
02036027220238060064;
00082122320128060171;
02000836920248060124;
02003957420228060040;
00358411820118060167;
02010546520238060164;
02017022920248060158;
02007146720238060182;
00144174520168060101;
00063898420188060112;
02010362320248060095;
00961908220158060090;
03059706320008060001;
02058141920238060112;
00391319720248060001;
02656026920248060001;
00505037220208060166;
00027854820198060123;
02050734220248060112;
02039298020218060001;
02000521920248060134;
02002436420248060134;
01473233720188060001;
02001506220258060071;
02003326620238060120;
02013641420238060086;
02000390920258060094;
00101130620118060092;
00100118020258060160;
00049151220118060084;
00026561120198060069;
02318171920248060001;
02595880620238060001;
00404794920078060001;
00002131420118060184;
02005064920228060043;
02010656920238060043;
01333894620178060001;
00073439720168060178;
00509566620178060071;
02001596320248060134;
00083458220098060167;
01000199220198060070;
00489783320148060112;
01796576120178060001;
02000641720258060128;
02001919820228060179;
02003328320238060179;
00105292720238060100;
02003103420228060058;
02002418720248060104;
02545216020238060001;
00501713520218060178;
02005263120238060067;
00505006420218060043;
02022951920248060171;
02007853720248060052;
02000241620238060157;
02008174520248060051;
02007602220248060182;
00571262520198060058;
02002217220228060070;
02000464620258060176;
02002720820248060040;
00507245520218060090;
02007187920238060158;
02011297320248060066;
02006924720248060158;
02014900820248060158;
00586376620148060112;
02004638020248060128;
00507536120218060137;
02000892820248060043;
00100336420258060120;
00100492920258060181;
00104944820238060171;
00012318120188060101;
01749946920178060001;
02003408520248060030;
00511683520218060043;
02015893020238060055;
02071625620228060064;
00038001020148060032;
02005879720238060128;
02013161720248060055;
02000255420248060031;
02003787420228060125;
02264045920238060001;
02864464020248060001;
02240860620238060001;
02000522720258060120;
00549916720208060167;
00000426320108060161;
02006365820228060069;
00508013620218060164;
02015136220248060122;
02000548120258060092;
00065022420078060112;
02000933920238060160;
02006573320248060176;
05042118020008060001;
00110559020008060070;
02590343720248060001;
02003018820248060127;
02003204620238060122;
02006592220238060181;
00513151820208060101;
08000163820238060141;
02007353220238060121;
00012316220198060096;
00404246420088060001;
02009467420248060043;
00023106120108060106;
02041028620248060167;
00124252020148060101;
02000602420258060081;
00304011820198060084;
08890195120148060001;
02004053320258060293;
00001297720198060169;
00001524720058060061;
02002298120248060069;
02000640320248060144;
00063153020188060112;
04639853620008060000;
01109131420178060001;
00501340320208060094;
00152452220188060117;
00102287820248060057;
01521454020168060001;
00112360520128060092;
00010335320148060111;
00018739520198060173;
01379698520188060001;
00535244520218060029;
02002805320238060158;
00514188420218060070;
02001525320248060043;
00103625020248060043;
00009243920148060111;
00037495420008060043;
01998564620138060001;
02001503520238060038;
00500399720208060182;
02043057920238060071;
02001651920238060130;
04876136520118060001;
02001962720238060134;
00082615620198060062;
00100996820258060112;
02014617920248060053;
00389592020088060001;
00620078220168060112;
02004461320248060106;
00385351620248060001;
00100387220218060073;
02028604320248060151;
00326978920118060117;
00091980220148060043;
00073412920158060028;
00006851920198060092;
01559365120158060001;
00036894220148060059;
02027231020248060071;
00521928520218060112;
02004954920248060043;
02000226420238060054;
02007037520228060084;
02001542620258060160;
00510823520218060182;
00067251720148060181;
00153016420088060001;
02047913020248060071;
03820930520008060001;
08854703320148060001;
02044693920248060029;
02021348920238060091;
01575291320188060001;
00012838120158060069;
02375604920208060001;
00079112220178060100;
02009740920248060054;
02001361320238060083;
00109054520208060091;
02004177220238060081;
01905652220138060001;
00023994120008060169;
00508353520218060059;
02001306920228060041;
00392306720248060001;
02001609120258060173;
02016321220238060137;
01779269820158060001;
00114454320138060090;
02003010220258060112;
00021311420008060160;
02007176220248060028;
00025576620158060106;
00988970920098060001;
00513242320218060043;
00066435520108060171;
00058344020198060142;
00510470720218060043;
08000038020228060074;
00021274120048060158;
00224045820168060158;
02007205120258060167;
00108813420218060171;
00091784820198060071;
02005311220248060134;
02000041220258060171;
02794936020248060001;
00059838920178060050;
02018142720228060171;
00259075420088060001;
00522701620208060112;
00103332320248060100;
02003052520248060128;
00001163820188060032;
09127463920148060001;
02006018820228060040;
02000519220258060168;
02031160320228060071;
02078864220248060112;
02015368820248060160;
00102055920258060167;
00354193520148060071;
00104649520248060100;
02005475320238060181;
00471843220168060071;
00100076620258060120;
00001845820178060214;
02045229120248060167;
02001327220248060169;
02000861120228060054;
00014911620008060029;
00008990820008060211;
04603504420008060001;
03881520920008060001;
00068329320178060104;
02025144420248060070;
02001865520258060055;
00072029120148060164;
00004513420048060166;
02004380320238060096;
00509345120208060055;
02000968820228060043;
02620811920248060001;
02057974620228060167;
00147345620178060053;
00025076020018060064;
02001655820228060096;
02006353120248060028;
00000170920178060160;
02015170220238060101;
02000163820228060104;
00741263520078060001;
02005880420228060133;
00039179820168060074;
00513684220218060043;
02672984820218060001;
02052552820248060112;
00512178420208060084;
01041017920158060112;
00023717020128060131;
02000352420258060109;
02000514620258060054;
00020248220198060069;
02014915520238060084;
00089480920178060028;
00011237120098060035;
02003185120258060043;
02015411820228060084;
02000631920248060176;
02009661120248060158;
00102688120238060126;
00037775120108060114;
02005828920248060112;
00102390420148060043;
00041613320008060027;
02002475320248060053;
05792473120008060001;
02006388520238060168;
01114998020198060001;
00506232720218060087;
02002261920228060095;
00504630420218060054;
02001361220248060169;
00137556120168060043;
01062862220158060167;
02006933720248060124;
02022002720248060029;
00100922320158060049;
02011842420248060163;
02003759220228060134;
00518666720178060112;
02006401720248060040;
02006128520248060125;
02004094020238060067;
00024838020138060106;
02077109720238060112;
02237743020238060001;
02002408020248060176;
02064759020248060167;
02000408420248060043;
02001392420258060171;
02008805220228060112;
00506924920218060058;
00360610520068060001;
00157264720178060043;
00519856320218060055;
00063392320138060051;
02010971420248060084;
02048427220158060001;
00104817920228060043;
00029958220008060150;
00170955020198060029;
02053923920248060167;
02000853020258060051;
02004282120238060043;
00102509420158060173;
00077793920188060064;
02019626420238060151;
02018531320248060055;
01619386620178060001;
02003017720238060045;
02014751720238060112;
02005687120258060112;
02003823820238060138;
02155922120248060001;
00503354620218060098;
00504456920218060090;
00271706220248060001;
02000240920258060169;
00002920420058060119;
02001962520238060070;
02019024620248060090;
02001898020248060043;
02848554820218060001;
00502788620148060158;
02001739620258060171;
02056805520248060112;
02000310520238060158;
02006236020248060143;
02000628320238060074;
00607441920008060001;
02392870420248060001;
02004489220238060081;
02000573820258060059;
00486098020148060163;
02019425920248060112;
00056058620198060043;
07049697520008060001;
00505066120218060111;
00072344220108060001;
02001871820238060182;
05908916820008060001;
02013855620228060043;
00053337020038060167;
00504072020218060167;
02003275420228060128;
02004148520238060124;
02015322320248060137;
02001271820228060170;
00027707720128060106;
00102003420248060050;
02008483020248060095;
05167327120118060001;
08000183920238060163;
02003368820238060125;
02002195520248060160;
08000063420248060181;
02000172120238060158;
00431554920128060112;
02000453420238060143;
00513040420218060117;
01604715220178060001;
02003472120248060081;
01292127320168060001;
00500589820218060043;
08000036220248060122;
00055377020198060162;
00503369420218060077;
00038896320178060085;
00011322520088060049;
00172645520128060070;
00009998520188060128;
04820048720008060001;
02000058120248060122;
02002823020238060091;
00058705920188060064;
02014508420248060171;
02002073920228060151;
02002879520258060151;
00535453920148060167;
00100447620258060158;
00502122720208060181;
00994820920158060112;
02000289820258060087;
00552099520208060167;
07526780920008060001;
02005133720248060054;
02009816620228060055;
00034516620188060064;
02325802020248060001;
02000984320238060069;
00102360420118060092;
02004924020248060158;
00060228920168060125;
00003559220078060043;
02000556220228060095;
00012076220148060111;
02000852820258060181;
02004356520238060058;
02005837020248060081;
02312907220218060001;
00540658620208060167;
04245721320008060001;
02002836920238060073;
00102623320228060054;
04209181820008060001;
00503838120208060181;
00012895420138060200;
02009295320238060114;
07795271820008060001;
02005400620258060112;
00517197920008060001;
01260262320088060001;
02010948320238060055;
02005848720238060114;
00102397620218060166;
00157188220008060167;
01250526820178060001;
02004862420238060043;
02000215420258060169;
00428304020138060112;
00125969720258060001;
00003982920008060090;
02015149420248060171;
00005177820078060143;
00995679220158060112;
02007934020228060066;
02009252920248060066;
00011009820198060157;
01672112220008060001;
02004826920248060069;
02043956920248060001;
01726514220138060001;
02654147620248060001;
00500907620208060128;
02076257720248060112;
02044587920228060158;
00020769320058060158;
02001096620238060168;
02002704020228060062;
02001093120258060157;
02000197020258060109;
02001170520258060158;
02299770820238060001;
02006399420248060181;
00493778320178060071;
01460789320158060001;
02000603120258060111;
02045936420248060112;
02006332020248060171;
00025551220198060121;
00006209820088060095;
00011853320148060069;
00016035920088060043;
02043236920248060167;
02002903720228060157;
02822035320248060001;
02028253220248060071;
02014182820168060117;
02000331020258060059;
02021927220248060151;
00023349320168060069;
02006566520228060096;
00199142120158060151;
02030399420248060112;
04365884720108060001;
02026634420248060101;
05502727620128060001;
02011790220248060163;
02002328620238060096;
00351058920148060071;
02000743820238060126;
02006836320228060091;
01097946720078060001;
00004798720028060128;
02004551220228060181;
02014665220238060113;
06573383820008060001;
01217206420158060001;
02001268520258060151;
02004957220248060100;
02016620820248060171;
02133300620218060001;
00106816720148060043;
00100516820258060158;
02076274720248060112;
02678686820208060001;
00505659320208060043;
02003337920248060067;
00100253120258060171;
02000412120238060038;
00066163620008060167;
00500479720218060163;
00465928720058060001;
00067405120108060043;
00505509520208060182;
02137980520008060001;
00052030920178060032;
02004824020228060069;
00511551020218060084;
02004375520248060040;
02001599120248060157;
00002358320138060190;
00024558520188060123;
01673467720138060001;
00518092720218060171;
02006700820238060163;
02041513020248060167;
02000926220258060070;
02001827020238060125;
00093550720138060173;
02875341620248060001;
00526306120218060064;
02006843520238060181;
02561451320248060001;
02011452720248060163;
00113730720128060053;
00103581320248060043;
02092160520138060001;
00412964020128060001;
00061784020198060071;
02000735820258060134;
00077864420138060181;
02025927620238060101;
02009458920248060043;
00018840920188060158;
00109301920248060091;
02000133720258060053;
00094178720118060053;
00515465220218060055;
00029505920178060093;
02005200820248060158;
02008594120228060059;
02007687820258060112;
02000998320258060028;
02070316320248060112;
00025354020118060076;
02000068220258060170;
02063733920248060112;
02001275120258060028;
00000254520078060092;
02001277620258060052;
00015061020008060150;
02007809720238060133;
00772072120098060001;
00029584220198060133;
02005639420238060055;
00101875520228060066;
02006483520238060070;
00101328720258060070;
02005942520228060096;
01767106820168060001;
01363318520168060001;
02025559620248060171;
02755403020208060001;
00503355920218060126;
00504165320218060111;
02022833620228060151;
02000587520258060074;
02714001120248060001;
00060471620188060034;
00256054420188060043;
00080502220178060084;
02003422020248060074;
00094822120198060112;
02010909720248060156;
00117073020168060173;
02009877820248060160;
01258981720198060001;
00017803220008060163;
06340307020008060001;
00014793220028060158;
00109461220198060167;
02024019520238060112;
03046247720008060001;
02004897220248060130;
01724833520168060001;
02049541320248060167;
02051569220238060112;
02001473820238060052;
00001956520088060097;
00008878420058060092;
02004285620238060096;
02011379420228060171;
00076764620118060171;
02011767320248060122;
00101682420248060181;
02007427220228060181;
02037860720238060071;
02001463720248060143;
02008205420238060303;
00102320920248060157;
02000630620258060169;
02017321920248060173;
00500304820218060135;
02031431820248060167;
00001627320108060075;
00048898920158060143;
02001516820248060043;
02487431220238060001;
02002039120258060055;
02000468520238060121;
08000039020258060166;
00054598320168060032;
02012150320238060091;
00044623920008060169;
00000977420178060191;
00048457820048060071;
00006507020098060040;
02001903020238060066;
00146623620168060043;
02015243720238060119;
00001428520178060027;
00391717920248060001;
00001701820148060202;
00737398920168060167;
00296589220218060001;
02000617520258060059;
00007625520098060164;
02001067720248060071;
00548843320168060112;
00009881320098060115;
05121995520008060001;
02013907620228060173;
00091366620128060128;
02038889220248060071;
02627334120218060001;
05699076320008060001;
00009184620008060071;
00100223920258060054;
00532979720218060112;
02002992120248060127;
00123772620108060158;
00075684720108060043;
04750983220108060001;
00114286620248060075;
00542150820058060001;
00990981220158060091;
02004304320248060176;
02010800520238060151;
00057366120198060043;
00000296420098060043;
02016743120248060071;
02002816620238060181;
02008596720248060157;
00140647320008060001;
02795152620218060001;
00105549220238060115;
02049475520238060167;
02003744020238060145;
06570846520008060001;
02001708920248060038;
02014747520248060151;
00055131520178060032;
08000285620228060054;
00187024320178060070;
00101515020248060031;
00236516420188060171;
00011702520188060069;
02000768820258060109;
00352911520148060071;
02013037520248060133;
03157165220008060001;
02004382120228060069;
02005836520248060115;
02005093720248060171;
00378519120248060001;
02000998520248060168;
00326650220118060112;
02042647820248060071;
02001908920238060111;
00106552420248060171;
02013832720248060137;
00004547320058060159;
02007637620238060128;
00038637420168060061;
02013506220238060043;
00192510320168060001;
00003057120168060198;
00009894320198060116;
06067468720008060001;
02067787520248060112;
02002017920248060145;
02047480420238060112;
00100552420238060143;
08402813220148060001;
02010685220238060163;
02026747320248060101;
00526747720148060112;
02005284520248060041;
02005662520248060084;
02449211520238060001;
00508834220218060043;
02657577220248060001;
00489583720168060091;
02294826720008060001;
00099931820068060001;
02017542020238060171;
05035674020008060001;
00100853620248060107;
02345563320228060001;
00059264420138060169;
00097942620178060028;
00109723820248060101;
02020834420238060167;
00501854620218060169;
00519284420148060167;
00512102820218060094;
02005067220238060121;
05419117020128060001;
00455642220178060112;
03058112320008060001;
00019272020138060093;
00103457220238060132;
02003086020248060069;
03866000920008060001;
02007313820248060160;
00481780520148060112;
02002650420248060141;
00045986620008060062;
00010663720088060181;
02007997620248060163;
00026608520168060123;
00336434220128060112;
02004616520248060143;
00500312620208060084;
00156575020188060117;
02533081920238060001;
02001318920228060094;
00100343820258060059;
00509794820218060143;
00067385820128060028;
02003937220248060028;
02017669120248060173;
00127933620168060173;
00003506920098060053;
02001887820238060157;
02010986120228060086;
02795310920238060001;
00001872020158060202;
02002033020258060043;
00002069320068060217;
02002533820248060028;
00503839520218060068;
02587670820008060001;
02020414020248060173;
00053196120178060146;
00102624520218060029;
02004549420228060094;
06943586320008060001;
02006564820248060176;
02007955720248060157;
02073483220228060112;
02002754120248060111;
02005297420258060112;
05240735120118060001;
02064602420248060167;
02012990420228060070;
02560074620248060001;
01429789620168060001;
00505046520218060055;
02006034120248060120;
00394791820248060001;
02011692720248060043;
02000701820258060130;
00099136920008060064;
02004355420238060094;
00101963120248060168;
00072905420168060134;
00081013920128060171;
02015574020248060071;
00102309020248060043;
02013482920228060043;
02647028620248060001;
00010494720068060156;
02002043120258060167;
00613886820178060064;
00011613020198060101;
00029842820148060129;
00512240620208060075;
00034496420098060112;
00102601820228060166;
00505993820218060171;
00068069520178060104;
02005582220248060125;
01348832420098060001;
01786321320178060001;
00079086020198060112;
00102242120228060054;
02009204720228060043;
00205623120198060128;
02003540520228060074;
02005587020248060109;
02003562720248060131;
00513836120208060167;
00042261120148060068;
02062005720248060001;
00104370820158060075;
04205488720108060001;
00506055120208060051;
00000272920148060202;
02001198320258060122;
02056849220248060112;
02016330420248060091;
09062327020148060001;
02018969720228060158;
00064150220188060074;
00040144920148060113;
00305787320118060112;
00072938420008060064;
02068806820228060112;
02039740320248060091;
00101179320248060122;
02010328320238060171;
01316539020178060001;
00170702920168060001;
00002645220138060217;
02007157920238060173;
00110082120238060035;
02045489420238060112;
02003987320238060111;
02000321520258060030;
00028945420008060050;
00107528320248060119;
00002305620188060038;
00035061720148060077;
00215229120198060158;
02007500720248060043;
02014750920248060071;
00502077020218060051;
02001110920258060122;
00064199820198060043;
00100006420168060096;
02001592420248060050;
02015605720248060115;
02001172420248060163;
02011646620238060034;
02020541520248060084;
02976242620008060001;
02014629220248060173;
02222895820248060001;
06744225220008060001;
02862382720228060001;
01192346720198060001;
00105775020248060035;
07610037020008060001;
00049910920148060156;
02875812420238060001;
02064152020248060167;
00014164820198060081;
02063442320238060112;
02015603520248060090;
00271073720248060001;
00502588320208060094;
00100459120258060051;
00122987320198060112;
00062815420138060169;
02004420320238060173;
02001345220258060122;
02005389220228060095;
02002386820228060051;
02008768520248060163;
02010717020248060163;
02003325120258060167;
02002838120238060069;
02070515420248060112;
00060563020168060104;
02002393420248060067;
02009120220248060043;
00401837220138060112;
00317165920078060001;
00064450420178060161;
02026521520248060101;
02791749220248060001;
02013899520248060052;
00077250620188060054;
00134460720198060117;
02002166420238060151;
02004993120228060181;
02779211220008060001;
00036765220168060098;
00509488520218060124;
02012033420238060173;
02000093120248060151;
02010621120248060163;
00029285820158060129;
00027122320198060173;
02002007320258060173;
02003717020248060171;
00033662820148060159;
02000572320248060043;
02003381820248060030;
02002910320238060055;
02004762220258060071;
04627409820118060001;
00503137520208060145;
00501816320218060054;
08000063320248060052;
02464287920218060001;
00144720720178060086;
00503283420218060040;
02018653220228060173;
02331097320238060001;
00011041820038060151;
00110332920178060137;
01534277920178060001;
02000738620258060157;
02002645620248060161;
02043452720248060071;
00246956620068060001;
00054680620188060087;
00501062920208060096;
01250120420088060001;
02001047620258060070;
02003812120238060181;
01900915120138060001;
02870240320248060001;
01029978920188060001;
00100467620218060161;
00040503520008060064;
00100915220248060298;
02018025120248060071;
00150545820128060158;
02000711520238060181;
00014970820158060058;
02033379420258060001;
02000388820248060181;
02023844220248060171;
00036994620148060040;
02009978520248060043;
00513044120218060040;
00177343620188060051;
02017415520228060171;
02084236620138060001;
02000337320228060169;
00505801220218060113;
02003668620248060126;
02017998720248060171;
00126504920168060043;
02003059220248060138;
00361907720248060001;
02004858620238060092;
02003194820228060073;
00100297320258060040;
00045397320158060120;
02004099720248060069;
02002236020238060182;
02007804020248060173;
02049501520228060112;
00387051320098060001;
02036921720198060001;
00027101620148060145;
02067591420248060001;
02000775120258060084;
00056901620158060107;
02000242020258060133;
00110025320258060064;
02000796620258060069;
02000224320248060179;
02002422620238060163;
02001128020258060158;
02000523820258060181;
00524507520008060001;
00502309320208060166;
01942503220168060001;
00500560720218060051;
02054139120258060001;
00537350220168060112;
02042659720238060071;
02000088420258060030;
00101438720258060112;
00000873120188060050;
00162852420178060101;
00156013120058060001;
00101503320118060092;
02003418020248060059;
02015471720238060043;
00156846520178060053;
02000387920248060087;
02009247020248060122;
02005061120248060130;
00146792320138060158;
02007023020258060167;
02010469020248060055;
00027612820148060177;
02002699720238060069;
02733587220008060001;
00540707120218060071;
04284435120008060001;
00076258820198060095;
02010350420248060171;
00161338720168060043;
02014491420248060070;
00052716120198060040;
02000666420258060167;
00508938620218060043;
00534693920218060112;
00122514120188060175;
02002120220238060030;
02009087820228060028;
02001802620238060182;
02037847420248060112;
04011428020108060001;
01801429520168060001;
02001360320248060075;
02007788520248060071;
02004513220248060107;
02009704320238060171;
02046796420248060167;
00502558920218060128;
02000050420258060104;
02000605020258060040;
02018941620248060043;
00101274720258060173;
00004695520048060069;
02192417720138060001;
00063933120178060121;
02419667920218060001;
02015339720248060075;
02023019420228060171;
02004808520248060106;
00100698620248060041;
00013934120098060053;
02003736020238060111;
02042425420238060071;
00034318520158060127;
00154216720178060171;
02440075320208060001;
02001214120258060029;
02058332020248060167;
02005693420248060163;
00040056920188060106;
02066831620228060112;
00033297220178060069;
00145856320168060128;
02006140620248060109;
02632741120208060001;
02007963420238060171;
02024668220248060071;
02003612720238060182;
00381804420038060000;
02005688320238060066;
01048977320198060001;
02002550220248060030;
02002461720258060091;
01543207020178060001;
02067557920248060064;
02004459820228060170;
05980895920008060001;
00507390520208060043;
02000571720258060066;
02032324620238060112;
02005094620248060168;
01709301620178060001;
02006327620248060125;
02016458120248060070;
00001004220198060067;
02001700720258060151;
00103377120238060043;
02878278820218060001;
00113713220168060171;
00102216620228060054;
02000460720258060092;
02000889020228060050;
02008648920248060157;
02003206720228060094;
00045155920158060083;
02033545920238060112;
00502891020208060028;
02011121320248060171;
00100254520258060134;
00092535520178060169;
00506166820218060173;
02000834020258060090;
02002154620228060044;
04210598520108060001;
00057937920198060043;
01018447020088060001;
00003250420188060033;
00504349320218060137;
00006136920098060096;
03851260320008060001;
02000515520228060182;
00006489520188060166;
01878033320138060001;
02011309220238060163;
02005862920248060112;
00100170220258060059;
02000661120258060120;
02016326620248060043;
01698708120128060001;
02005500520238060182;
00980992520158060167;
02003223420248060040;
00508505620218060171;
03772621120008060001;
02001352120248060074;
02491156320208060001;
02027330820248060151;
02000695520248060134;
00541633420218060071;
00002737520178060216;
02004196020228060151;
05706186820008060001;
02003708120248060043;
05327098920008060001;
02543636820248060001;
00088519720168060107;
02010698720238060114;
00564564820218060112;
00333817120118060001;
01411201120088060001;
02003176020248060121;
02013153920228060043;
02009685120248060167;
00108604420228060035;
02000074720258060112;
02002136120238060070;
02010694520248060052;
02005568820238060092;
00007363020198060092;
02002146420238060161;
01864923120188060001;
05924202520008060001;
02413541020228060001;
02009482020248060051;
02765279520228060001;
02018071620248060090;
02009114520248060163;
02002449420258060043;
02019689120228060091;
00511210520218060094;
02007685620248060163;
00512896320218060043;
02014415920238060171;
02004648620238060100;
02581972120208060001;
02026423920228060101;
00056014020118060169;
00018999420138060079;
02015218220228060001;
02024039420238060070;
00538144420178060112;
02008711820248060081;
02000332220258060055;
08416003520148060001;
02011374620228060090;
02999289520008060001;
04816983520118060001;
06774659420008060001;
02014447320248060043;
02053049820248060167;
00047601420158060134;
02000753820258060163;
02005137220248060107;
02002585620238060073;
00002460420188060040;
02400105720238060001;
02005034220248060167;
00160147720138060158;
02000448320238060067;
00195632820068060001;
01038056020198060001;
00059441020178060142;
02017263020248060167;
02000604620238060161;
02006777720228060181;
02673740920208060001;
02009635520248060126;
00518441820208060075;
00105042720238060128;
00102968320248060168;
02014399520228060051;
02035589820248060167;
02044455320248060112;
02003633320248060094;
00108021320248060151;
02012560320248060101;
02000306820258060087;
00015002720158060069;
00097990620148060173;
00313898520058060001;
02010761620248060156;
02002969020258060043;
00110418220218060034;
02001217220258060051;
02003423520248060069;
02077582220248060112;
01745264220168060001;
00001729320168060209;
02000517520258060109;
00571531620148060112;
02046420820248060112;
02001206820248060101;
02001200420238060069;
02002421120238060168;
02011808420248060163;
00049248820118060143;
02796108520238060001;
02003428620228060107;
00141932420178060182;
01750036520168060001;
02020692620248060070;
00632765920168060112;
02001274420228060032;
02018751020248060043;
00010226320088060166;
00118396020168060182;
02002694020248060303;
01078050320158060112;
00167789720128060158;
02000584720228060182;
02011019320248060070;
00001287120058060173;
02000346720258060132;
02017695620238060084;
00399498320238060001;
00397343520118060064;
00001409120168060111;
02000653020258060151;
00197188520148060151;
02029495220248060091;
00131857720178060128;
02804820320238060001;
02001648520248060134;
00343157220248060001;
00100088820258060043;
00066712020118060096;
07302288120148060001;
02009978920248060171;
02879516620248060001;
02001387320238060053;
00012099020188060111;
02003664820248060171;
00040328620178060106;
02004278120228060104;
05142721420118060001;
00092745720158060086;
00011522420098060035;
02004394120248060067;
02003665320248060040;
02002276420238060096;
02014481120248060173;
00002454120168060217;
02006130720258060167;
00105372020128060090;
00010273220048060035;
00015440620078060173;
00518542520218060173;
02053687920248060112;
02001042920248060097;
02005182320228060121;
00459975420068060001;
00543987220218060112;
00006195220198060120;
02002082720238060074;
00041704120118060178;
02015321320228060163;
02554376520218060001;
00025792020138060131;
02003844720258060167;
02044970720248060029;
02045925020228060112;
06858970520008060001;
00507397020218060107;
02067856720248060112;
09056879720148060001;
00016077120118060082;
00077551120188060064;
02000813520258060134;
00102874620228060054;
02000720320258060125;
02025889520248060071;
00001312120188060189;
02018067920248060171;
00502881020208060130;
02000108320258060182;
02609588820218060001;
00174539020058060001;
00166597520138060070;
00511339620208060112;
02004418620228060097;
02023733020238060112;
02001926720228060055;
02000514920258060053;
00100912120248060179;
00141563620098060001;
02013742620248060053;
00030460220148060054;
01302161420178060001;
00003603820118060217;
00512168920208060055;
02000344320258060043;
00358260820248060001;
08977053220148060001;
00005239520098060117;
01557782520178060001;
00101896320248060160;
00073242720188060112;
00103928520248060043;
00346404720248060001;
02258075620248060001;
04698426020008060001;
00107141120208060055;
02006291020228060120;
02757821820228060001;
02000281720258060114;
00500859620218060135;
01464171320198060001;
00502067320208060131;
01270916720198060001;
02066367120248060112;
00006327820188060090;
02010972420248060113;
02002566120258060091;
02018509820248060171;
00507876320218060128;
00009710420088060182;
00100698220258060128;
06819235720008060001;
02001995720258060151;
00046990320118060100;
02003953120248060161;
02756170520218060001;
00105177620248060100;
02041712120248060167;
00002084020128060189;
00334793520148060071;
00569337520058060001;
02016833420238060101;
00794928420098060001;
00286949220008060112;
00509139320218060167;
00620537120168060112;
02005665220248060075;
02002006520228060145;
00095094520118060092;
00003601620188060145;
01212194220178060001;
02019764720228060001;
00124946520168060171;
02002004620238060043;
02005452420228060115;
02005849120248060069;
02001102420258060122;
00086527020168060141;
00107055520168060163;
00503685320218060157;
00000466820188060178;
00153021720008060070;
02067623220258060001;
01688017220168060001;
00513325420068060001;
02005819820228060169;
00528752720168060071;
00295847120118060071;
02003121120258060151;
00065185820178060166;
01470471120158060001;
00101088620228060095;
00016304220088060043;
02034286420248060117;
02007329620248060071;
00040891020188060029;
02003412520248060045;
02023834020248060112;
02001988020238060074;
02000782920258060054;
00101288420258060091;
02352710720248060001;
06998495120008060001;
02014143820248060043;
00142030920178060137;
00008406220148060200;
02025603320248060070;
02011933120248060051;
00501786320218060069;
00501442420208060037;
02018182620238060043;
02743217920208060001;
00007108420108060112;
02014052220248060158;
02001264220258060133;
02000099720258060053;
05225033020118060001;
02011175920248060163;
02002744820258060070;
00048624720188060064;
02002015720248060120;
02049118120238060112;
02001894620258060043;
02000770820238060121;
02751159520238060001;
00159422720128060158;
00113711420248060151;
02004061220238060059;
02057657020248060167;
02000530220248060070;
00215332320198060158;
02002933020248060057;
00099537920188060077;
02002029620238060081;
02001776620248060043;
00100831420148060173;
00002895320178060111;
02010215020238060043;
00002892620178060217;
02024697420248060091;
00101384220258060055;
02029601820248060112;
00025002820168060069;
02002909020238060031;
00103744020248060051;
01110838320178060001;
02053347020238060167;
02012666820228060052;
02003823220248060161;
00100537520258060081;
00042082720118060122;
02008024920248060157;
05711987820128060001;
02003943320248060133;
01586597220178060001;
00286225820188060053;
02005038820238060163;
02058912320248060167;
02016379220248060171;
00026498720178060069;
02018515320248060084;
02020013420248060084;
01095095120158060112;
00057962820198060142;
02016927320238060043;
02038208720228060112;
02705132720248060001;
08000327020228060094;
02046617720238060167;
02753410820208060001;
02010164320248060156;
00082846920158060182;
02008466920248060092;
02018162220248060043;
00506341720208060176;
00529079320208060167;
00505261020218060028;
00500722020218060096;
02007643820238060168;
02000027420258060031;
00073602120128060099;
00029754720178060069;
02039411320248060091;
02000896020238060173;
02027067820248060101;
02415778920248060001;
02006809520238060181;
00513394920208060100;
02010700420228060051;
05534132620008060001;
02006639720228060115;
02075588320228060112;
02001908320248060134;
00527510820208060167;
00025230220158060168;
02000604320228060141;
00267204320168060117;
00101000320258060064;
02000997320258060096;
04112606720008060001;
00053076020178060077;
02007017620248060071;
02004000620228060070;
02035035020248060167;
01779465020198060001;
00123119620248060112;
02000898020258060176;
00506783320218060101;
02011072320238060301;
00539487620148060112;
02015955520248060070;
02006942320248060059;
00361847020248060001;
00547055520218060167;
00508017920218060182;
02001971320238060069;
00100188220258060092;
00056876720178060050;
02013274620248060055;
00009397320008060151;
08000123420248060151;
02003008320248060069;
00101001920228060028;
02010794020248060133;
02076225920238060112;
02053107620248060112;
02003325420238060124;
02079878720258060001;
02004736620228060073;
00101781320228060028;
02008500420228060181;
02000232420258060169;
00494158720158060064;
02036180820248060091;
00005204620198060035;
00050087020198060091;
00032900220118060032;
00648259820068060001;
02000345220228060171;
00501646120208060054;
00010830620188060090;
02011385020248060158;
00029631520198060117;
02036931120228060158;
02018199020248060167;
02012856920248060031;
02030256120228060151;
00038635420148060155;
02001001320238060069;
00103122520238060054;
00004976020078060055;
02002054720248060168;
02001335220238060182;
00113288320178060099;
00063144420008060090;
07581907020008060001;
01768820520198060001;
02006275920258060112;
02007178520248060182;
02012182420238060166;
02004862820238060171;
02000521920258060058;
02015408820248060043;
00505176520218060087;
00049537320128060121;
02019496420248060043;
02036951720248060091;
02033631320248060071;
00106200620248060158;
02002927820248060143;
00071918120138060169;
02003191620238060040;
02058271320248060167;
00192845720008060064;
02000634920258060090;
02005061820248060160;
00061050520148060084;
00502310220218060083;
00211894720168060158;
02012935220228060084;
00095491420128060182;
10100954720258060101;
00208761620198060115;
00039781120118060178;
00611148920198060111;
02015944120248060112;
00009051520198060125;
02001633720248060058;
08000046020258060171;
02002788520238060028;
00026096720128060106;
02005793120228060169;
02000627920258060182;
00241724120188060128;
00097277320118060092;
02002568120248060031;
00003064120088060035;
02000802120258060176;
00045649420178060127;
02002114220238060054;
02050693920238060112;
02067337120248060112;
02015136920248060055;
02001565920238060097;
02001640520238060075;
02002578020258060112;
00065070420178060142;
00101890820248060049;
00005585820048060108;
02053841720208060001;
02002494920228060067;
02003630820228060125;
02070053620228060112;
02005411020238060096;
02001947220258060171;
00114338820248060075;
02065613220248060112;
00111761020198060117;
00059318820008060115;
00032788720198060167;
02000183020258060095;
02008415720248060121;
02773982820228060001;
00055053820178060032;
07346699620008060001;
02729097420248060001;
02004595720258060112;
00039188420168060106;
00118566220148060119;
00516331820218060084;
00107353820098060001;
00100448020258060092;
00004395920088060140;
00144533720178060171;
02708684220218060001;
00004200320188060108;
00143505220118060070;
02030411520228060151;
00146900420168060043;
00530380720168060071;
00100026820258060112;
06300537020008060001;
00508976820218060029;
02012779320248060160;
02007600220248060124;
02001323320228060043;
02006904020228060096;
02005078220248060069;
02015247120238060043;
02819526920238060001;
02025685820248060151;
00060228920188060167;
02023454520248060171;
02122431020248060001;
02004749720248060132;
00373816020248060001;
02063087320248060167;
00067805920158060107;
00004189220088060137;
02056898020238060167;
02005111820248060038;
02020066920248060112;
02001344120248060040;
02013497120248060163;
00103480220248060032;
01740917320138060001;
02000025120258060168;
00005160320008060123;
02000903320258060122;
00510384320208060055;
00018261620178060069;
00326842920148060071;
02017443320238060055;
00102961020248060160;
02022637420248060151;
02002902420248060171;
00085883220148060173;
00562343020218060064;
00170311620178060092;
00194197420158060151;
02007611020248060181;
02009793120248060151;
05064713320008060001;
02001483220258060091;
02000896920258060115;
00004161720098060096;
00001470320188060212;
00132393720218060117;
02801560920248060001;
00100261620258060171;
02000437620258060084;
02002191920238060054;
00423626020128060064;
00051116020138060100;
02063918920248060167;
00693710220068060001;
02004896720248060067;
00001023220148060214;
00227908820168060158;
02004153720248060059;
00507207520218060071;
02042125620228060167;
02001217520248060126;
02730939820228060001;
02004190320248060115;
03061178920008060001;
02701472720208060001;
02024004220238060167;
00302327220088060001;
00141268820178060043;
00102182920258060112;
08000100620248060041;
02002038020258060091;
02349200520228060001;
00050125720198060043;
00105930320248060100;
02006193120228060066;
02860896020248060001;
02011898820248060052;
00008147020148060198;
02011637520228060112;
00502264220218060127;
00105979220248060115;
02045939020248060071;
02074098720228060112;
00104170520248060171;
00303901920188060053;
02017908520248060055;
00035940520158060050;
02031604320228060064;
02006935720228060140;
02028606320248060112;
00003649820178060109;
02000655920258060109;
02002193920238060112;
02043011120248060167;
02001701220248060096;
05527819720008060001;
02008094120248060157;
00512794520178060112;
02013006320248060055;
00099382620198060126;
00142360520188060156;
00539539820148060112;
02920493720008060001;
02007641520248060035;
06903460620008060001;
02020579420248060075;
00507446220208060096;
00000243720188060169;
00148351120138060158;
02003088320228060181;
02008272420238060181;
00008869420198060129;
00017023820148060069;
02013700620248060112;
02005652620248060121;
02066072120248060112;
02637293420248060001;
02219044720238060001;
00005453320188060055;
02038597120248060029;
00071616420198060095;
02009585320238060066;
02016338620228060151;
00018286020008060043;
00100123720258060040;
00387259620128060001;
02000114220238060181;
00101845120248060092;
02076404620248060112;
02002023220258060112;
00075162320158060028;
06310046420008060001;
02008915420248060066;
02069614620248060112;
00045405420138060144;
02000539720258060124;
08567029720148060001;
02001927620248060094;
00100769520258060121;
00102228520148060101;
02004800220248060069;
00008150720068060143;
02004694020228060037;
02001603920258060158;
00102274220118060092;
02007577620238060158;
09198828720148060001;
00004214920098060028;
03021901820008060001;
02060567020248060167;
02000613520258060040;
00041833820118060114;
02601923020248060001;
00002197420068060029;
00135719020128060158;
02000033320258060169;
02001646620238060087;
02000126520258060081;
02080480820228060112;
00002894520068060109;
02006992420248060163;
02081258520248060293;
02002838220238060101;
00117551120248060075;
02013315620228060119;
00062376420078060001;
02007248920248060081;
02003362420248060038;
02003358720258060043;
02010560420248060066;
02021342620228060091;
02328687020218060001;
02000289320258060121;
00504771120218060111;
00123153020188060182;
05468058920128060001;
02038773720248060112;
00503549320208060031;
01207058920178060001;
02030903720248060167;
02048266120248060112;
02000065520258060179;
02002816520248060170;
00002359620188060129;
00100124920258060133;
02665825020238060001;
02314361120248060001;
02015551520228060112;
02000174920258060126;
00502768220208060069;
02019579120238060070;
00104803420228060160;
02080585720238060293;
00506014920218060028;
00028301620138060106;
02048554320248060167;
01270702820188060001;
02019034420228060173;
00150685920178060128;
00068086520178060104;
01318870420198060001;
02023268520238060070;
02008516520238060112;
00526550320148060167;
00156219520248060117;
02032798320248060112;
02005643420238060070;
00102222020118060092;
02007046020248060126;
02004673420258060112;
00363753320158060001;
02487674020238060001;
02029180220248060101;
02000467020258060168;
02019397420238060101;
01464362420168060001;
02023132320248060112;
02004994120248060058;
00057458520178060142;
00179803720088060001;
05219047720008060001;
00504512320218060043;
02016269620248060160;
02005032120258060001;
02065579220248060112;
00082985020008060062;
00260619120188060043;
02100668820158060001;
02003327320248060074;
02007285520248060040;
00382943420148060117;
00484578620168060090;
02014005220238060055;
02863311920248060001;
00512021920218060040;
00066049320128060169;
00500093120208060160;
02003163020228060094;
00060711020128060081;
00000804220158060180;
00002313720198060028;
02013173820248060043;
00173821520188060169;
00061650920098060001;
01031943620158060167;
00020819120008060158;
02001033020248060134;
02032335020228060117;
00101524920258060112;
02000888120238060171;
02472734820208060001;
02003930920238060125;
02008833620248060112;
00006871020048060158;
02034604720238060071;
00078577520158060181;
02022101620248060112;
02001734120238060115;
02003986720238060113;
02517481320218060001;
00120183120198060168;
00073416320148060028;
02006194120248060040;
02429003720218060001;
02012978320248060031;
06783198820008060001;
03253178220008060001;
02009606220238060053;
02014049120248060043;
00181797620178060055;
00080172920108060035;
00001054420198060106;
00506921520208060113;
02006997420248060114;
02003274820238060054;
00076609220118060171;
00559825720008060001;
02002370420248060087;
02047064720248060167;
00100955820248060179;
02003343320248060045;
01512629320168060001;
00035591820148060135;
02002897720248060126;
00100747220258060171;
02009079620248060166;
00305823120068060001;
02001321820238060069;
02004734020238060038;
02001754420238060104;
03142181820008060001;
00074755120128060096;
02000182620248060043;
02573649520238060001;
02005813320248060168;
02000969220258060040;
00109714820158060043;
02484167320008060001;
00509424920218060069;
00096851120128060182;
00681537120168060167;
00011981520058060112;
02000576020258060084;
00100024820258060151;
00006263320168060190;
02014848920238060043;
02013037020248060070;
02007949720248060181;
02006964620238060182;
00978264620158060070;
02006622620248060121;
00063696920148060133;
00053371820098060064;
02011967420248060151;
02000982720258060084;
00020329520008060143;
02005410320238060163;
02022632620248060070;
00086642420158060043;
02357328120218060001;
00116377620178060173;
00515241720218060112;
00081460820198060071;
00026635320008060106;
02008069720248060121;
00474722020168060090;
02760925320248060001;
02011202020238060043;
02003966720248060047;
00000670920168060180;
00019582020188060043;
02003826220228060109;
02014294420248060160;
00107621020248060158;
00344144220248060001;
00406477520158060064;
02012033020248060163;
00500166520198060028;
02694085520008060001;
00008955620198060129;
02000769020258060173;
00083194020188060112;
02003511120228060087;
00008765020198060129;
02644733420218060001;
02005489420248060054;
02025750720238060112;
00055458920148060140;
02003646120238060091;
02001348220258060112;
07332642520008060001;
02777111820248060001;
02009259820248060043;
00055972220138060140;
02015365120248060043;
02012223720248060001;
02030732720248060029;
03222943120008060001;
00028046220008060077;
00107219220228060035;
02001861020258060070;
00523954720218060112;
00003459220178060109;
00040879620158060109;
02000268720228060070;
02027124920228060071;
00503152620218060043;
00059579120178060050;
02001705020248060051;
02000630920258060168;
02000287420258060095;
00004785020118060205;
00026831920158060106;
02484328420248060001;
02011194420248060158;
00345042620198060001;
02001440620258060055;
02001462520258060071;
00139121620198060112;
02800244620218060133;
02003340620238060130;
02697667720248060001;
02009696220248060126;
02001136020228060032;
00014819420188060043;
00100493320258060115;
00145052920178060043;
02008916420238060171;
00216817120008060167;
00013022820098060092;
02023735920238060167;
02039219020238060112;
02046816820238060167;
00105028520248060075;
02010104120248060122;
00675858320078060001;
02013082320228060051;
02022702620248060035;
02002692720248060081;
02026990420228060151;
02006118620228060120;
02001154520228060027;
00058562020198060071;
00507644820218060054;
02011706620248060122;
02005310520248060104;
02018090520228060171;
00101138720128060086;
02000759220228060179;
00019843120008060081;
00056538620048060167;
00101172120258060070;
00517656820218060151;
00507986020218060171;
00138324820008060167;
02003744420228060058;
02950384420228060001;
02018039420248060084;
02014763120238060167;
00093171320168060133;
02003623220248060067;
03717054320008060001;
02005278220248060163;
00071581020008060117;
00037016620158060109;
02869143820238060001;
00017653920008060171;
00101223920218060052;
02003125520228060041;
02006524620248060035;
02011895220238060043;
00024168620118060106;
03814825220008060001;
02015260520238060055;
02002403220248060095;
02498289620248060001;
02005458420248060040;
02903832920228060001;
08000169420248060111;
02000547820248060169;
02002247620248060128;
02004574420248060170;
90314786920098060001;
00506229720218060101;
00110176220248060062;
01450825620198060001;
00105913620168060028;
00503426920218060120;
02002224020258060171;
00043044220178060054;
00115350220128060053;
00985755720078060001;
00039076020108060140;
00501748020208060127;
07969006220008060001;
01694333520158060001;
02710875020248060001;
02000101520258060043;
02001098520238060097;
02002370520258060043;
00071580920108060101;
02043002320248060071;
02002033420258060171;
02002811120258060112;
00507419220208060101;
02017047920228060154;
02000425620258060031;
02004398620248060052;
00021943620188060151;
02004128220248060059;
02001115220258060043;
02004798520228060069;
02005913820248060181;
02000426320248060040;
00137686020168060043;
00119660420228060112;
02016434120248060158;
02058999720248060167;
02001852420228060169;
00249172520168060117;
00004036620008060182;
00010164320058060075;
00506518320208060166;
00265206120108060112;
03642814720008060001;
00000967320188060088;
00483145820148060158;
02002003920258060055;
00004127420168060147;
02040047220248060112;
00507442820208060075;
02034280820248060071;
02750890620008060001;
02022278520248060101;
00000266120178060033;
02007740620228060043;
02010117120248060107;
02017151920238060043;
00069867420168060160;
07290014720008060001;
04615137320118060001;
00522536020218060171;
00094397920188060028;
02003988520248060128;
02004639420258060112;
02013854320238060133;
00074840620128060163;
02740191120248060001;
02002220820248060096;
00031996720158060129;
02538755020238060001;
00129155320178060128;
02004507920248060161;
02011722020228060053;
00006069520068060124;
09072491520128060001;
02000105720228060160;
02066505520248060112;
00355366020138060071;
04529084120118060001;
02880581320248060001;
02006434220258060167;
00101383120218060104;
02014912820248060114;
02002972020238060084;
02000390420258060128;
01213805220178060001;
02018302720238060112;
00049912220168060032;
00102179220238060054;
00042908920008060107;
04860987820008060001;
02069788220248060112;
01607706320168060001;
00100024420258060120;
00506717120218060091;
00065126120198060043;
02018517920248060043;
02144747820228060001;
02002230720248060156;
02000582020258060157;
02029671820258060001;
02007055320238060167;
00513104820218060040;
02000278420238060087;
00506830820208060128;
02001578920238060179;
02061473420248060112;
02036610820248060167;
00030326520178060069;
02008229320248060107;
00507293320218060040;
02008596120228060117;
02005398420248060070;
00002550220188060028;
02592015420248060001;
02765922220248060001;
02007198920238060182;
00173172020188060169;
00061204420138060169;
02005089320248060028;
02005622020238060117;
00003819520198060067;
02061510820238060112;
00503439820218060073;
02002762320238060091;
00502181120218060145;
01812116520168060001;
00015151920088060173;
02000110420228060108;
00001317620038060082;
02611857320248060001;
02009233520248060171;
00100208520258060081;
02007340620238060070;
00017607920088060092;
02004066620238060041;
00051918820198060043;
02040789220238060167;
00542388120208060112;
00503724420218060043;
02001784720248060109;
02057429520248060112;
02725757920208060001;
00102231120248060169;
02003433120248060130;
02800034020208060122;
02017438420238060043;
00101052220188060112;
00002171820198060169;
02066473720238060112;
00511305820208060075;
00098707820128060043;
02025586020248060071;
02002043320228060071;
02000921620258060053;
00516855320218060168;
00040475720038060167;
00100211420258060132;
02868708220248060001;
02254398120238060001;
02178677920208060001;
00383841720058060001;
02007106720228060084;
02003884120248060128;
00280748720218060001;
00503948720208060124;
02007236620228060084;
02003292920238060115;
00562989020218060112;
01885293120188060001;
02006334820248060097;
00472305220078060001;
00004884820038060117;
00011517020078060112;
01253907120198060001;
02010393220228060035;
02030345220248060151;
00160732020188060084;
00009847920198060129;
02002151520248060161;
00043696920148060045;
00012296120038060029;
01410973120098060001;
02015481120248060158;
02035444820238060071;
02005819620258060071;
02005084420248060109;
02009462320248060157;
00532919420058060001;
02036411420248060071;
02002018920228060132;
02002245020248060169;
02000070520258060126;
00509268520218060040;
00087880820198060062;
00074801420188060177;
04927909320008060001;
02009298820258060112;
02016355320228060055;
02001538120238060040;
02002626420238060115;
02011510520228060163;
02666345120208060001;
02009791720258060112;
02004774420248060167;
02706778920248060001;
00082278520148060182;
00002658020238060154;
00022150620098060158;
02007321420248060163;
02007031620248060081;
02001006120248060171;
00073224920158060181;
00203828220158060151;
00085251320148060171;
00111619020188060112;
00063385220198060043;
02555306320008060001;
02004309120248060160;
02646408520208060001;
04627027220008060001;
00003786720088060119;
00393201920118060167;
02000218320258060030;
00077731720128060137;
02000630720258060104;
00102477920258060112;
00791175420078060001;
02005153020248060111;
02007156820238060112;
02005423820248060038;
02000487620258060059;
00183969320158060151;
02005247720248060115;
02012206620248060163;
00089259120128060043;
00104801220238060156;
00860833320078060001;
00368454920248060001;
05564410220008060001;
02000089020258060028;
02008126420238060081;
00103529220248060176;
00073891720198060167;
00168570720178060092;
05689359320008060001;
02011031720248060053;
00128358720188060182;
02035468120248060071;
00116073820138060090;
00504506720208060077;
00055527320168060120;
00085262020138060175;
00119098320228060112;
00090664020148060173;
00550031820218060112;
02005665520248060171;
00059270820168060045;
00145933820178060182;
02001847020228060094;
02000403220248060125;
08765853020148060001;
00101806820118060092;
02027492920218060001;
00000798520108060098;
00100859220208060166;
02000360220258060176;
02025415820238060071;
02734198720248060001;
02003978320248060069;
02006323220228060130;
02060206720228060112;
00508092220208060043;
00101229120258060151;
00068795320128060133;
02007651020218060001;
02002807820248060106;
02049256020248060167;
00118381120168060171;
00021066020118060145;
00115526320158060043;
01967928620178060001;
02000354720258060069;
00007839020068060049;
00504629120198060182;
02006245920238060182;
02019322820248060043;
00135410720178060182;
00500859020218060137;
02053834820248060112;
09084783920148060001;
02003194120228060043;
02215529420208060001;
02066161220248060167;
00100363520258060050;
00212815220198060115;
02006223220248060125;
00703088720198060055;
02002357020248060075;
00014278020088060043;
00057356520108060181;
02000853020238060106;
02027970420248060091;
02000146320258060104;
02005094220248060040;
02001313720238060100;
00120295820248060112;
02066262720248060112;
00012532320008060085;
02000434120258060031;
02014030920248060043;
03038703820008060001;
02000368420258060084;
00060319720168060142;
02002083020238060170;
02000231320248060087;
02006266020248060128;
00068079820198060043;
00158887920188060084;
00001276520088060049;
00100976520238060178;
02015519020248060052;
02014601420248060112;
02010026020238060070;
02001583820228060073;
02412597720228060001;
00514989020208060035;
00507916420218060043;
02000468220258060067;
02004445520238060081;
02005033720248060104;
02011557920248060128;
00506898820218060157;
00537598820208060112;
02055162220248060167;
00503525120218060173;
02004366820248060170;
00305337120208060171;
00102805420228060054;
00630696420008060001;
02016153020248060043;
00905439720068060001;
02002481620248060028;
02000592320258060054;
02035627720228060112;
02001044920258060176;
00163702520168060075;
00004121320148060190;
00079968520148060173;
01929723020158060001;
02049452220228060167;
02006861320248060070;
00557515020218060112;
00356615820248060001;
02002492420238060161;
00000988520188060074;
05904179720008060001;
00036821120128060127;
02567941220238060001;
00136587520258060001;
00696481820068060001;
02055924620248060167;
07826814420008060001;
00084536720188060112;
02009570720248060075;
00131475520118060070;
30007041920168060014;
02007989820248060096;
00515466220218060084;
01435075220158060001;
00503214420218060104;
08000498120228060167;
00526859620208060112;
00119472720188060083;
02006434320248060081;
02002628520238060108;
00423796220138060064;
00100505120258060104;
00507987520218060069;
02029657320248060101;
00521068020208060167;
00016351520188060043;
02021602320248060101;
00501465920218060101;
02004236620248060074;
02007161520248060081;
02232182820238060001;
02020520620238060173;
02063006720248060112;
02335797020248060001;
02011593820228060112;
00024029020128060131;
00100882420228060054;
03022040220008060001;
02008667220228060143;
02001045820248060055;
00111597520148060043;
02000875720238060087;
00518120420178060112;
02001437020258060071;
01209673920178060001;
02000544720258060168;
00100706720258060128;
00127817220248060001;
05482445820008060001;
02047757620248060071;
02009384220248060126;
00078571420078060001;
02003531020238060163;
02016449620248060070;
00128579220078060001;
02004866920258060167;
02006138920248060151;
00455526520088060001;
02027478920248060151;
02516627120238060001;
02002597420228060138;
00122171120128060035;
02002774920238060045;
00260337520068060001;
00499758220148060090;
02002612020258060112;
02249484520218060001;
05472538220008060001;
02773890320218060001;
00000521420188060069;
02000330520248060169;
00008701920198060040;
02003602620248060176;
00141962420168060049;
02792973320008060001;
02842076820218060001;
02004444320248060106;
01326882720138060001;
00030522420008060143;
00055896620198060162;
00032655020058060112;
00054955220158060100;
00121134220128060092;
02018451720228060084;
02006539320228060037;
02008371320258060112;
02014228320228060043;
02002975520238060040;
00061988220148060143;
02000051120248060113;
02002739720258060091;
02487206620238060001;
02006886420248060043;
00504196320218060028;
02022544620248060173;
02006689720248060132;
02010437420248060043;
02002929220228060161;
02019634820228060001;
02000151520248060094;
02001060320258060052;
02001044620248060059;
02002157920248060075;
00120402120118060055;
00010957520198060028;
02007387220258060167;
00158526320168060001;
00081941920178060141;
02060531820248060167;
02063509320228060167;
02005179720238060090;
02027769520248060101;
02017098820248060071;
08000107120248060181;
02000965920248060127;
00924995120068060001;
00025077120128060162;
02001031020248060076;
02004866620258060071;
02065347820248060167;
02007510920238060081;
01518200220158060001;
01095742020178060001;
02048681320248060112;
02743811320248060001;
00028775420158060159;
00787860920068060001;
06117994920008060001;
02006746220258060167;
02005245020248060124;
01062733120188060001;
02009730220248060126;
02004781020238060120;
00090182020138060043;
02555285320248060001;
04931617120118060001;
02008146720258060112;
00010826220008060054;
02969074220228060001;
02014818020238060158;
04210919020108060001;
02009167820228060182;
00129348620138060035;
00134539820138060055;
02000687120248060069;
02004248120248060161;
02011628120228060115;
02003287420248060126;
02007625620228060151;
02012637320238060151;
01741667320178060001;
00384251720248060001;
02135506720228060001;
01650669020008060001;
02004806920238060058;
02297797320208060001;
02047766120248060071;
00001011920188060081;
02009573820228060055;
02045973020248060071;
00580255420068060001;
00331014620248060001;
00204386120078060001;
00008826220188060171;
00009520520088060115;
00000688820178060202;
02006442820238060157;
02000954520248060169;
00001375820128060150;
00026417120178060179;
02015872620248060055;
01706346220158060001;
00570246420218060112;
00515910420218060040;
02056363620248060112;
02007918020248060040;
00357239820248060001;
00024743120198060164;
02002789420248060143;
05579887720008060001;
02070365620228060112;
00079089020118060128;
00029710520148060040;
00502674920208060028;
02064678420248060112;
00007550520188060049;
00004648220148060198;
00001935720188060061;
00097154720178060028;
02008734020248060096;
02015017120238060158;
02005702220228060120;
02003518320238060181;
02001251420248060094;
02599008520008060001;
00017574720198060090;
02000097720248060168;
02012704220248060115;
02010995720238060071;
00016626320188060086;
01589122620188060001;
00101643220248060069;
02015698420248060158;
00083391120148060164;
00549467320168060112;
04560609720118060001;
02019098020248060173;
02004640720238060094;
00500177520208060073;
05322136020008060001;
00057802820198060125;
02000227220258060158;
02564526420248060001;
08000208020228060086;
00005601320198060040;
00079286920168060140;
02002703020238060151;
02005873720248060169;
02014045720238060001;
00028520520138060129;
02005447220258060167;
02000616020248060043;
02016976120248060043;
00516679020218060084;
02763896020248060001;
00172163420188060055;
02001437820228060070;
00276632120178060151;
00287486120188060101;
02046568920248060112;
00125881320168060171;
00534860420218060071;
02004837620248060094;
00017495120188060043;
00004141520168060189;
02759262120248060001;
02006334720228060120;
02001935220228060055;
00768455820058060001;
02005604320248060108;
06217134020008060001;
00000241620098060084;
00007892220178060111;
00005617120188060027;
00116522120118060055;
00514740520208060151;
02033964520228060112;
02001929420238060164;
00114282320118060075;
02017206520238060035;
02000317120248060157;
00654957420168060167;
02028979020238060091;
00053722320178060120;
02012447420238060084;
00156819120258060001;
02014337320248060001;
00134255520248060117;
00134364020078060001;
00142374320178060182;
02000693120258060163;
01065923820148060001;
00019066020068060070;
00016754420078060055;
02015191320248060173;
02002617620248060040;
02006037220228060100;
00410233220138060064;
01717394520138060001;
00501518120218060101;
00027168320108060041;
02005723020238060096;
00317877920208060171;
02001093020258060125;
02063052120248060167;
02800229420208060106;
02001438820238060120;
07115354020008060001;
00502218020218060107;
00162816520178060075;
02005886920248060121;
02000645220258060084;
00018856620008060047;
00023698220118060116;
02008473520248060163;
00511565720218060128;
00511681820218060081;
03574351420008060001;
02006953220248060051;
00501647820218060134;
00013457220178060192;
02033368020238060001;
00501656520208060080;
02021835020248060171;
02000338820258060130;
02000452020258060028;
02049048420248060167;
02003576020248060115;
02715728420238060001;
02013379020248060055;
00013121420058060092;
02009987420248060171;
02004164920258060071;
00040282420168060061;
02019328920248060055;
00041479820008060043;
02000238120258060053;
02004781920248060041;
02005386220258060071;
02000832420258060160;
06884286420008060001;
02017626420238060084;
02026227820238060112;
01032755320158060112;
02009761020238060055;
02005678620258060112;
02002748420238060113;
02013379120238060163;
02000585420258060081;
02007023020238060028;
00122001520248060112;
02765369120218060001;
02187396020218060001;
02003299320248060050;
01196726020008060001;
02045679220248060071;
00102812020218060104;
00305824720108060112;
00347104220108060167;
02000400520258060058;
02000022020248060125;
02184280620208060001;
02005002320248060059;
02745227120208060001;
00518995220208060112;
00101377820218060061;
01281178620088060001;
02000148220248060109;
00004204020198060149;
00027098920198060069;
00002101920178060194;
02010907620248060163;
02032457420248060091;
00504557020208060051;
02001566020258060171;
02008128520238060171;
00154943520178060043;
00021531420158060074;
00167012120058060001;
02000208320248060111;
02019300820238060071;
01112709120178060001;
02002328020258060043;
00001398120178060205;
00054473020158060121;
02004473120238060074;
00032091020198060182;
02005711920238060040;
02018612620248060043;
00018334020188060047;
02052370720248060112;
02007883520228060028;
02017943620228060171;
01519945520088060001;
02006009720248060181;
02004582920228060128;
00608818320098060001;
02047157720248060112;
00008742420008060169;
02007002420248060158;
02015403320248060029;
00164021420128060158;
02003891520248060067;
02002285920258060070;
00094528320198060112;
00000310220158060212;
00100797720258060112;
00000576620028060208;
00502747020208060180;
00047018720138060104;
00501923320208060182;
00436583120148060167;
02069663920228060112;
02004787720238060130;
00482080920148060090;
00113825820178060096;
03874211320008060001;
00036957620148060050;
02000190220258060067;
00573952820218060112;
00062357720198060097;
00097446020188060126;
00968825620158060163;
02000497920228060087;
02005708920238060151;
02059102920248060167;
00291235920008060112;
00087105920168060081;
02022234820248060101;
00359408520138060112;
00003150720128060150;
02002294420238060125;
02000551520258060109;
02002354320248060181;
00550296320218060064;
02004289420248060169;
00007676620008060108;
00100976920258060154;
02005375120238060070;
02008879020248060171;
00062485720158060084;
02028141020248060101;
00052329020128060143;
02335165020218060001;
00097793720008060001;
04619934020008060000;
02001742320248060040;
02618907620218060001;
00052064620188060155;
00511804920218060043;
02673394920208060001;
00972897720158060158;
00508767320208060176;
01288150920198060001;
02401376320218060001;
02015984420238060070;
02087040720228060001;
02014981320248060084;
02060335520158060001;
02005129820248060168;
01786281520138060001;
00500897720208060068;
02012109520248060171;
02000308620258060081;
02016339420248060158;
02007573820228060182;
00051859420188060050;
02104215420228060001;
01979779120198060001;
00539438720008060001;
02639003120008060001;
02010200220238060064;
00012733120008060047;
02024489520238060071;
02800178620208060069;
02000734720248060052;
00525267720218060029;
00101912320248060131;
01491863820128060001;
00490914320148060158;
01397842020188060001;
02046129620248060071;
02001662820238060122;
02032771620238060091;
02051698620248060167;
02006698220248060132;
00162525120188060084;
02004443620248060173;
00503000520218060028;
02009313620248060066;
02000148720258060096;
00060465420158060028;
02074571220238060112;
02005253520248060124;
02007027220248060132;
00502917020208060095;
00358815620248060001;
00100743220258060055;
02001295520248060028;
00502441420148060158;
02006302820248060151;
00106292620248060171;
02000288820258060058;
00007096520078060028;
02386461620248060001;
02065457820248060112;
02000769620258060171;
00101661320258060151;
00105871820198060117;
00568734520148060112;
02008212320228060158;
02006087220238060096;
00059093920008060112;
00100820920258060055;
00422924420138060117;
02001649820228060120;
01344559020198060001;
00067105120198060091;
00593172920198060095;
02008042020248060092;
00059524220138060169;
02002304520238060055;
02008359820238060084;
00500414320218060114;
02003891420248060132;
02000395620258060143;
02000116220258060087;
00511416120218060137;
01493989820088060001;
00130885720198060112;
07972054620008060001;
00048688020188060120;
02025989320248060151;
00019405320048060119;
02005422320248060043;
02057518620248060167;
00564507020218060167;
00004478520108060101;
00157559720178060043;
05373736620008060001;
02635881520248060001;
02003012020228060043;
03500493020008060001;
02000103620258060133;
00715093920068060001;
00518424820208060075;
00112314820158060101;
00502884020218060044;
02000443520258060028;
03779429320008060001;
02011693120248060171;
00507105220208060043;
02009548920248060095;
02018946320238060071;
02006264020248060070;
00056828020198060145;
00016582920038060158;
00009134820068060092;
00017254720098060137;
02003455020238060028;
00100448720218060135;
00141183420178060101;
02009288120248060163;
00102701920208060203;
02008171420248060126;
00082908220108060075;
02001127520248060074;
00718891820138060001;
00037874520138060032;
02002980520238060084;
02002486420248060109;
02001737620248060092;
02001422820258060090;
02012358820248060113;
02008136420238060173;
00126586020178060182;
30008765720178060003;
07321781920008060001;
00280316020118060112;
00020390520068060070;
00635632220168060112;
02429064420218060001;
00503426320208060101;
02020179820238060091;
02003332020258060043;
00102737120208060203;
01044141920148060001;
00508936020218060084;
00204364820158060151;
00645592020168060112;
02245745820238060001;
00347121220108060167;
02006866520228060043;
00208528520198060115;
02003094720238060112;
00692978020168060167;
09057725420128060001;
02649040620008060001;
02000688520238060302;
00051785720168060120;
02996803220008060001;
00142293220168060043;
08000117220248060111;
00000990420198060214;
02003272920238060028;
02016010420248060154;
01666097420138060001;
02001138920258060053;
00101499820248060122;
00501468920208060167;
02003148220238060043;
02000063720248060067;
02000482320258060109;
08897400320148060001;
00631474920178060167;
00022140320008060169;
02010021020248060043;
00024064620178060069;
02598363520248060001;
02567846520238060001;
02020639820248060173;
02000117420248060159;
00502361520208060162;
02003189520248060169;
00096589520148060137;
00001834820178060190;
05813718420008060001;
02020441020248060071;
02008370920228060115;
02563801420238060001;
02001374020238060069;
02066189720248060064;
02882443620248060001;
02003327520248060041;
02006294620248060053;
02008511420248060053;
02004327020248060157;
08545057220148060001;
00003638920178060214;
00016900620008060169;
02000239020228060181;
02000203320258060084;
02008835520228060096;
02006782620228060096;
02000234220258060066;
00101498820218060127;
00076931520108060043;
02013545220248060112;
02001310620248060099;
02023992320248060167;
00137630920168060182;
02005723920228060169;
02003895420238060130;
02000276420258060071;
00503469520218060059;
02001508620258060160;
02440167820218060001;
00106216820248060100;
02009152120248060054;
00092039220128060043;
00111870720248060071;
00980873820158060158;
02463351420248060001;
02016819420238060091;
00041954020188060071;
00059413420158060107;
02846233120248060001;
02038735520248060029;
02656705320238060001;
00253623720158060001;
02001096320238060169;
00000088620158060202;
02702517720248060001;
09093667620128060001;
00504695020218060041;
02002371520238060127;
02024302820238060151;
01442771620138060001;
02019687120238060151;
02017539420248060043;
00116205820198060112;
00040329720148060104;
02003156920248060128;
07832617420008060001;
02002321820238060054;
02000751120258060075;
00104957420248060049;
02000383020248060071;
00503827520208060091;
02037701920248060071;
00538979420168060112;
00109241420168060181;
01213514620108060001;
00503424920218060062;
02800256920208060164;
02003202120258060043;
00063130620008060043;
02010886220228060071;
02813253620218060001;
02000934020258060040;
02184834920238060001;
00515329120218060112;
02009563020228060095;
00076539420118060173;
00043697620008060169;
00242649520078060001;
02000166820258060157;
08000057820258060160;
00101215020248060181;
02006038420228060096;
00217325120078060001;
02000190720258060130;
02009902020248060035;
00120011520248060137;
02069115420238060112;
00081731420008060117;
02013036720248060071;
00062101620168060050;
02002269420228060070;
02011442720248060071;
00501181120218060160;
00009894420138060216;
00504994620218060054;
00503382920208060100;
02599106020228060001;
00511090320208060069;
00131690320158060029;
00008123020098060181;
00004030720138060216;
00501021020218060111;
02017647620238060167;
00330451220158060071;
00513041920218060112;
02004716620248060125;
00013014320098060092;
00536056220218060071;
02013553020238060158;
02681536220008060001;
00546228320168060112;
00525586120208060112;
00521498420218060101;
02649490420238060001;
02075365420248060112;
02762969720248060001;
03155242220008060001;
00530571120218060112;
02012867220248060122;
00027109620138060162;
00805311920098060001;
02005034520238060145;
02000519820258060069;
02005993920248060173;
03639462820008060001;
02004676120238060158;
00040185020188060112;
02396294920238060001;
02007291420248060081;
02438126320238060001;
02009818020248060157;
02007630620248060043;
02002422820238060130;
00063833420148060107;
02002937020238060055;
02003645520228060169;
02000500720258060169;
02007029320248060028;
00043032820108060143;
02055448720248060167;
00704076020198060151;
00127828820128060062;
02004653820248060132;
02008335420228060120;
06739121920128060001;
02296079220248060001;
01340719820178060001;
00103599520248060043;
00004006320088060075;
02005858820228060120;
02000140220248060168;
02004521320238060055;
02001697620248060112;
02031674120248060298;
02705003320218060001;
09216487820148060001;
02008346120238060166;
02000053220248060106;
02008507620238060081;
01521625720088060001;
00039118720198060106;
02001902020238060134;
00517773720218060069;
01814377520138060001;
00051387920118060143;
02010779820248060156;
01047164820148060001;
02079011120248060112;
02008389420248060156;
02000730320258060120;
01544789120188060001;
02000230320258060176;
02006418120248060143;
02005531020228060112;
00001117920178060184;
00105415720128060090;
02027838720248060101;
00517583220218060101;
02013295220248060043;
02000945320258060160;
00001391120188060120;
02013617820238060112;
01019527020068060001;
02000246820248060096;
00103167620158060043;
02024893120248060070;
02008924620248060096;
00018405120008060083;
00500652820218060096;
02003657720228060092;
02005227520248060158;
02666791620248060001;
00087780320118060075;
00001591820168060202;
00512263820218060043;
00500819720208060166;
02649205120238060001;
02008767820238060112;
01296305520098060001;
02001171820238060047;
00102437520138060043;
02076534520248060112;
02058286620248060112;
02000605720248060049;
02004041720228060111;
00105588720248060053;
00503335520198060160;
02004695520248060074;
02000381120258060163;
00077936520198060071;
00068663920188060167;
01081150920158060112;
06758714520008060001;
02012475620228060151;
02003359220248060182;
00051714920178060114;
00005419520138060111;
00001661420158060212;
00541978020218060112;
00513532820178060071;
02005224820248060070;
00700373720198060101;
01590895320198060001;
02018781520238060070;
00500547220208060083;
01443138220188060001;
00075310720168060141;
00086064120168060122;
00006065320198060120;
02014208120228060086;
02256078320238060001;
00144240720178060035;
01280726720178060001;
02063361220228060167;
02003570420248060069;
02024386720238060001;
02009344120248060114;
02009242120238060182;
02007294020248060040;
02000721520238060176;
00100728520258060112;
02001046020258060043;
02020783020238060035;
02000304220258060031;
02003148920238060073;
00007093720098060144;
02348606620218060001;
02020502820248060035;
00507394820208060158;
02000088720258060126;
02002910620228060130;
02071777520228060112;
00050433920138060156;
02017093920248060055;
00504981620218060069;
02001595020248060106;
02005801420258060071;
02702647620248060001;
00055580620118060169;
02000341020258060151;
00416602220068060001;
00003246120158060150;
02001461620258060171;
00100147420228060181;
00111896720168060164;
00002923320168060211;
00049083720118060143;
00056613120198060040;
02004541020248060067;
00115670420248060112;
02015767620248060158;
02746392820218060001;
02001145820238060081;
02002317320248060094;
00300787420198060096;
00252108620158060001;
00046444620158060089;
02029201620248060151;
02001201220258060173;
00100155420258060181;
00105826420248060070;
02006960520248060055;
00000348120198060093;
02004125420238060112;
02737593620218060001;
02004573120238060121;
00052931320198060043;
00579853820078060001;
02007791020258060112;
02001281120228060135;
02067434620138060001;
02010658620228060081;
00100102820258060053;
00412706320138060112;
02001510720258060052;
00001117620198060033;
02006137820238060166;
02002869220228060094;
02000851120258060122;
00065517320108060043;
00003627020148060033;
02022185620238060070;
02011105820248060166;
02000260520258060031;
00101771620118060092;
02005206620248060171;
01741793820188060001;
02008482320228060120;
00507682720218060041;
00025409420108060109;
00137483920178060171;
02001298920238060125;
02236868920238060001;
02101389420238060001;
02479183420248060001;
01895897320178060001;
02003803720248060040;
00531613720208060112;
02003331820248060055;
02005895920238060066;
00051102820178060135;
00100787820248060128;
00281016520248060001;
00510101220208060173;
00097865420188060112;
08870648220148060001;
00105955320208060151;
01205242020198060001;
00088601420168060122;
02004967920248060125;
02016534220248060043;
02017137620248060055;
02015618520238060112;
00006574320078060166;
02042974220248060112;
02002838320248060057;
01485249820178060001;
02002208220238060125;
00055334220198060159;
00102070520188060028;
02001558720258060167;
02005637520258060071;
01430675620158060001;
00507181020218060038;
00650202020058060001;
00002392020188060199;
02005175720228060050;
00252446720168060117;
00416500720088060001;
00144541820178060043;
02007276520238060053;
03641186720008060001;
02000805020228060168;
00005374820158060027;
02004089720248060171;
02006819620248060132;
00507281220208060128;
02002336920258060171;
00000496920078060061;
02157014020218060001;
00032575120188060069;
02670550220248060001;
02004366620228060161;
00906677520098060001;
02007288820228060181;
02000100520258060111;
02002977520258060043;
02196726220238060001;
00083004920098060112;
02159844420138060001;
00523710620218060084;
00102856020248060166;
00085823220168060051;
02008193520248060303;
00026548020148060145;
00016686720098060092;
00044186620188060079;
00005535220198060159;
00506772820218060043;
02038797520228060112;
01603306720168060001;
01121513420188060001;
02781529620248060001;
00165313520168060075;
00728243920058060001;
02003977320248060040;
02004875120258060071;
02013874520238060090;
00488704520148060163;
02000586220258060143;
01344438120168060001;
02063682520258060001;
07351947820008060001;
00500370620218060114;
00529794620218060167;
02011295220228060128;
02049109120248060167;
00504793520208060169;
00115516320118060158;
00475917520178060112;
00227541920168060070;
02001043820248060094;
02006599320258060167;
02005761720248060069;
00103502020248060113;
02040652720228060071;
02000135420258060112;
00503992420218060141;
02005120420248060070;
02001014220248060043;
00041488320008060043;
00401768020118060167;
02002852920238060141;
00008874520088060071;
00126168820258060001;
00107976720238060137;
00363969120248060001;
02011703120248060166;
02000431120258060041;
02000080220258060122;
02002762620228060069;
00044676120008060169;
02666578920238060001;
00509919220208060112;
02020891720248060070;
02258278120238060001;
00501088520208060132;
02017581920248060043;
02008912620248060043;
02016111320248060101;
02008448320228060120;
02003478620228060179;
01851326120188060001;
00020030620008060156;
02010333920248060137;
02002418920248060168;
02729374220248060001;
07291261520008060001;
08000032120258060092;
07715178220008060001;
02004580420238060028;
00596165720168060112;
00004196420188060028;
02011737620238060115;
01403083220098060001;
00040472020108060100;
00056743720178060125;
02000830320258060070;
02007401220248060156;
02003323120228060143;
02000042020248060115;
02047342820248060001;
00026393220098060034;
01789079820138060001;
00001216220178060075;
02005224920238060081;
02016088120248060158;
02004075620238060104;
00171094520138060158;
00023673520198060051;
02059720620238060167;
00102161920248060169;
02014108220228060071;
02002665520258060043;
00984778620158060035;
00503372320208060107;
02000492720258060038;
02020854820248060112;
02140022420158060001;
00510374120218060114;
02000637620258060081;
05136693820118060001;
02006483020248060125;
01641529820158060001;
02005219720258060112;
02759282520238060001;
00004194320168060187;
02035121020228060158;
02022086320248060171;
02000289520248060067;
00548095220208060112;
02000964120258060154;
00100141920258060133;
02051464320248060167;
02004197020248060028;
00103804920248060115;
00137671420168060128;
02005102320248060106;
02002334420228060084;
09212555620148060001;
02000662220258060181;
02041296920248060167;
00102365020208060104;
00061204020118060096;
00503336620208060145;
02001655220248060043;
02018656820198060001;
00505110920218060071;
00742904420008060001;
00502976120218060089;
02009727220248060043;
02014788020238060173;
00045891620158060083;
02000957420228060182;
06277975720008060001;
02004452720248060171;
00002973020178060111;
03153917720008060001;
02005568520228060169;
02705748220248060001;
02000634320258060092;
02027816420248060151;
02015096720228060163;
00703023920198060101;
02008706320248060168;
00124262020248060112;
00351583620158060071;
00503562520208060076;
01307697620088060001;
02005047120248060120;
02000874020238060028;
02000455420238060104;
00132255920178060128;
02000748920258060054;
08760301320148060001;
00111779220198060117;
02004106120248060173;
02001136020248060171;
00041592520008060169;
02000711520258060126;
05474268620128060001;
02000711920258060157;
02002363820248060113;
00527768720218060069;
02006688920228060028;
02014515220228060070;
02019530520238060151;
00447022220138060167;
00175852820188060055;
02012026020248060158;
02054183720248060167;
02001883320228060054;
00028700820158060177;
02001028920228060045;
02002720520248060041;
02006922020248060167;
00082236620108060092;
00027299420118060155;
00201019820198060115;
02048303520238060112;
02004936020228060169;
00008817920088060122;
00082260620148060181;
02064439020238060112;
02014885720238060163;
00102857620228060054;
00059418920168060045;
02011307220228060084;
00521404720218060029;
00505926120218060069;
00340385620248060001;
02040080920228060071;
02288336220248060001;
01638518320178060001;
00100235720258060043;
00504968920218060087;
00025933520008060171;
00045443020108060166;
02008316820238060114;
02000401720258060054;
02000901420258060096;
02004505020248060106;
00099512920138060128;
00506959420218060125;
02001980220248060121;
00502754220218060076;
02007833320238060107;
02001188820228060030;
02001241020228060123;
02073125320238060112;
02004259320248060055;
02008803220248060096;
00000716020028060043;
02000950320228060044;
01012827220158060112;
00011037020128060069;
02008902420248060081;
02002005320238060073;
02610818620218060001;
01216885920158060001;
00029421420158060106;
02000658220258060166;
00061688020198060043;
00082631420168060100;
00351826520248060001;
01218752820198060001;
00476901020058060001;
02003238920258060167;
06392098220008060001;
02008430520248060096;
00088611320148060043;
00084088520158060171;
02003808120228060145;
02003995020228060028;
00504179720208060038;
02872183720238060001;
02002956720248060067;
02002083020248060094;
02000131920258060059;
02000863920258060043;
01109698120168060001;
02018942020248060171;
00101301220248060181;
00505391120218060092;
00051996920118060100;
00613001720168060112;
00494049720088060001;
00100342520228060162;
00103070220248060043;
02000479720258060057;
02001147120248060130;
00376909320118060112;
00003587620098060043;
00100287920258060043;
00019208620058060035;
02875844220248060001;
02033825520128060001;
00504167520208060115;
02064626220248060112;
00503640520218060096;
02004514720228060157;
00101425620118060092;
00000921120058060082;
02004728520258060167;
00555627220218060112;
04370046420008060001;
02000348920258060157;
02002893920248060171;
02017291120228060084;
02001400520258060043;
02000765920258060054;
02027214020248060071;
02464670820238060001;
00101428620218060098;
00103426520238060117;
02000469620248060106;
02005198520238060084;
02010544420248060095;
02004821720238060130;
00524379620218060112;
00007398820188060069;
02003734020248060171;
00059738920198060142;
02002776020248060127;
00001883620088060077;
02070175820238060001;
00398507920248060001;
02009541520248060055;
00046882320188060069;
02002266420228060177;
06265443420008060001;
00100047620258060067;
00004645920188060128;
02000237320248060067;
02006324820238060081;
00008078920198060073;
02004690420258060112;
00263502420188060043;
02008030820228060059;
00513126320208060101;
02014459220238060043;
02001686120248060122;
00489359620148060112;
02055705620248060112;
00062182220158060084;
02004988720238060059;
02001232320258060122;
02009386720248060053;
02014493220228060119;
00109772520208060158;
00063577820138060169;
01055245320148060001;
00390331520248060001;
00282497620248060001;
00069956620128060163;
00085142020198060167;
02001043620228060182;
00108823020128060043;
00278192820188060101;
00100473120168060163;
00503138820218060097;
06374022720008060001;
02013318920248060053;
00007454420198060107;
00699152520168060167;
01292955520178060001;
02001351320248060109;
00116099720218060293;
02015885120248060171;
00000651120188060199;
02001650720238060134;
00112523820148060043;
02680683620248060001;
00105456420248060158;
02000317720258060176;
01720973420188060001;
00019328020148060069;
02022403320228060173;
02000052120258060066;
02010079220238060099;
02013435420238060113;
02063673220248060112;
00140650420178060182;
02001726020258060091;
02000059320238060097;
00049433920168060040;
02001292120258060028;
00020609520178060069;
00033117020168060074;
00101443120218060171;
02042628220248060112;
02002853920248060094;
02075736520208060001;
03434576720008060001;
02005840920238060043;
02057974620248060112;
00516027820208060101;
02010520720228060043;
00200257320168060117;
02008849120248060121;
01901893120168060001;
00000925820138060202;
01411222920188060001;
02024985820228060071;
00112815520158060075;
02000410220258060054;
00049028320128060114;
02074375520228060112;
00634612820058060001;
00094094220008060071;
02002335720248060057;
02002031720258060112;
02019938420238060151;
00083432820118060043;
02001413320248060040;
02013748820238060173;
00966595120088060001;
00102848920248060032;
00048835320168060109;
02004039620238060143;
00105173520248060049;
00552014020218060117;
00014656220088060053;
02010493220248060124;
00504620220208060071;
00109035020248060151;
00000433920098060143;
02003313720238060070;
04897630520008060001;
00035665520148060120;
00059444720198060107;
02048311520248060167;
02000781720248060134;
03486722420008060001;
00152482620218060293;
02000118320248060059;
00509033320218060043;
01126837120198060001;
02015421620238060133;
02003027320248060030;
00135242520008060001;
00112873220138060043;
02011467920248060173;
00022926220008060212;
02001208720258060051;
00382305720098060001;
02058895320248060167;
01885232420188060001;
02008881320228060182;
03960949220008060001;
02002189620258060043;
02056537220248060112;
00016361520098060043;
02004789220228060104;
00026849820138060162;
00002507520188060061;
00381021220248060001;
00056857820188060142;
00243918320188060086;
02946322320228060001;
00133777120178060043;
02005843420238060067;
02000376220258060151;
00066329720138060081;
02001896220258060070;
00503664420208060149;
02532528320238060001;
02004733720248060157;
02002759520238060169;
02003081920238060094;
02003989620248060092;
00537572620178060112;
00028198420138060106;
00032105820008060150;
02000298720228060055;
00069092820178060161;
02004892120258060071;
02003463520258060070;
00403504820248060001;
00049565120128060178;
02000457820258060041;
00334966620188060092;
02001727420258060151;
02008246720228060096;
00504972720218060038;
00085303120148060043;
02001042120238060111;
00555912520218060112;
00018969820008060143;
00008172520148060198;
02010665420238060043;
06346550720008060001;
02019479420248060043;
02013614420228060070;
02013089720248060133;
00511569620218060115;
00012125020008060087;
02001704420258060171;
00019289320198060028;
00103390420188060112;
02036914020248060071;
02012281520248060043;
02574827720008060001;
02040038720248060112;
00001282120098060112;
02004178920248060064;
00374193920058060001;
00101676920118060092;
02004000620248060112;
00741381520088060001;
00576073820178060064;
02001503920238060069;
00046858920008060169;
02003262820258060043;
02006540920238060081;
02006288720248060109;
00702010220198060101;
02010829220238060112;
00079315820108060035;
02000568120258060179;
00077079720198060167;
02659620920218060001;
02027523420238060091;
02009295420248060070;
00003602120228060001;
00132934120178060182;
02031314320228060112;
02006760820238060133;
02552092720208060001;
02044013420248060112;
02004194320248060134;
02000026620248060045;
02004028620248060043;
00507760720218060040;
00509403420218060084;
00195188520168060029;
03331530920008060001;
04234315620008060001;
05733606620008060001;
02006870520248060100;
02007625920238060171;
02003634620248060122;
02004924920248060058;
02011097320248060166;
00300724320198060104;
00101443220118060090;
08000207020228060154;
02612726820208060001;
00100301220258060120;
02009819820248060151;
02000850320258060157;
02000838220258060173;
02000607620258060096;
02002849220228060104;
00005102620058060121;
00025065420158060074;
02031344520228060064;
02000596620248060051;
00033590320028060112;
08000087520248060028;
02000055820228060120;
00131967020128060035;
00334617820248060001;
02002329220238060094;
01434451720128060001;
00577740820178060112;
00155433320168060101;
02019033320228060112;
02000633120258060096;
00358243720158060071;
00100589720248060157;
00042702320008060035;
00000991720058060045;
00123447120178060164;
02003086420248060100;
00100823720188060028;
02011322820248060066;
00102891820248060160;
02727203820208060001;
02005259020228060096;
00109310420248060091;
00100686220208060164;
07669475320008060001;
00137618220258060001;
02019010820248060043;
02006262820248060171;
00010959320148060111;
02003186720238060028;
02006661120238060182;
02043513720248060167;
02083544520248060293;
02077443820248060112;
00057433520168060083;
00167916120168060092;
00002763720128060044;
02002420520248060094;
02011537320248060043;
00066256420158060169;
02010870320228060128;
00037548620008060169;
00222608420168060158;
00500361920218060050;
00505212220208060125;
02006425020238060095;
00008846920068060133;
06277204820008060001;
00007972520078060151;
02393303820248060001;
00102436320248060181;
02850919720218060001;
02003425420228060053;
02001314920238060096;
02029820520248060071;
02006476220238060163;
02001005520248060173;
02005611120238060028;
00529757720218060112;
03076785120008060001;
00514197420208060112;
02008186720248060071;
02000837320238060134;
00011484820098060047;
00511346420218060171;
00397368420118060167;
02005205320248060143;
02320862920228060001;
00517880220178060071;
02001757820258060070;
00094668720158060086;
00010697320128060044;
00001225720138060214;
01627131820168060001;
00000641520108060164;
00504377620218060160;
00100100620258060028;
00469829220178060112;
02096252920238060001;
00062874120198060043;
02016851420248060151;
00519890620008060001;
02002220820228060054;
00029126420138060165;
02002236320238060181;
02000592720258060182;
00488142320088060001;
00102063920198060075;
02005353820248060170;
02003357720238060069;
02001292320248060168;
00375115020248060001;
00384936420248060001;
00161234320168060043;
00111958420248060167;
02019400520248060043;
02001965420258060070;
02010324320248060173;
02268884520218060001;
00215681420168060117;
00015756120098060171;
00562539020058060001;
02004831720238060028;
00092971020138060171;
02438057120238060001;
00102058120118060092;
02008068720248060092;
00002692420158060211;
00033090320148060129;
02000339220248060043;
02011388420238060158;
02024760320248060112;
02004379020238060169;
00001896720178060186;
02005232620248060040;
00264034520138060151;
00130189220178060182;
00101755520248060168;
02003611220248060111;
02027457620238060112;
02002929120248060074;
00517940720208060167;
02000792720238060040;
00141049820178060182;
02516298620208060001;
00533120320208060112;
02002432620248060179;
02024928020248060071;
02843534120238060001;
00094816220178060126;
02742337020228060001;
00351055620248060001;
02001394020228060135;
01311682220198060001;
02005828120258060071;
00003822320088060049;
00022193620158060157;
02007293120248060043;
00038390520128060120;
02009347320248060168;
00001758920048060105;
01163212020168060001;
00205926620198060128;
02001794420238060181;
00513249020218060053;
02044336620228060158;
00004829720158060027;
00047844920148060143;
02004335420248060028;
00014061020008060165;
02000107020258060057;
02004963920248060106;
02004591620248060040;
00550580320208060112;
02033658820238060112;
00505842120208060166;
02039111220248060112;
02029127320238060151;
02001884420228060115;
08000089620228060076;
02003493320238060143;
02005167520248060091;
02000877020258060157;
02004162320248060091;
00036987420178060131;
02005392420238060069;
00034482120168060149;
02000333820258060179;
02005724920248060143;
02001797920248060158;
02003841520228060050;
02008050820258060112;
02015657920248060115;
01009512220158060167;
00055181720168060050;
00006027820188060143;
02005496420248060059;
00100338020258060050;
02015966120248060160;
02001583920258060071;
00108441920238060112;
00980941520158060163;
04036525120198060001;
02043107020248060167;
02044431520248060167;
02000078520248060143;
00073655120098060001;
02000955820238060176;
00261454420068060001;
02002737920238060055;
00572370220218060167;
00272999220098060001;
02002371920248060179;
00504873220218060054;
00015437220098060101;
00057079620198060144;
00003417520078060054;
02000172020258060168;
02002846320258060112;
02002389320238060096;
02005464220258060167;
02004838820238060069;
02004606820258060071;
02012584920228060163;
00108992320198060075;
02000793620258060176;
02012527220248060001;
02017752420228060173;
02008321120248060052;
02010534920248060163;
02000957420258060051;
02045514120248060071;
00002302520078060173;
02007293320248060107;
02012857120238060171;
00516555420218060059;
00000280420168060215;
02076919120238060112;
01627317820128060001;
02018419320238060035;
00504857620218060114;
02003878220238060163;
02000199220258060134;
02002028620248060170;
02000663520238060070;
00053771420198060043;
02003373320248060030;
00586619420148060112;
02010410520248060173;
00032009620138060040;
02007367320258060112;
02002476220238060126;
02017053620238060055;
01401362220118060001;
02005407620238060176;
00001434120078060053;
02012792620248060043;
04386328820008060001;
02040360620248060071;
00070491420168060156;
02002672720248060091;
00099273120168060181;
00100467020258060053;
00572090520218060112;
02292995620248060001;
00158803720178060117;
03424642420008060001;
02634703920248060001;
00110964820138060055;
02001292920248060166;
02003423220228060125;
02007990420238060166;
02006615920248060115;
00016067720098060043;
00058742820198060043;
02001768820228060031;
02001737420238060104;
00501498820218060141;
02021504320248060112;
00301656620198060084;
00106562120248060070;
01172616320088060001;
00233179120188060086;
00503776620218060043;
02620304820008060001;
00020292220188060043;
00500481120208060101;
00505071220208060166;
02017561320248060055;
02155542420158060001;
00600122320098060001;
02001604620258060091;
00507741120218060081;
00267782520248060001;
02000207220258060168;
01251338020188060001;
00694754720168060064;
00103190520248060176;
00030172820138060040;
02008138120248060059;
02000266620258060043;
02000917020258060040;
00375132020248060001;
00298046120068060001;
02013666020248060114;
00101360720238060067;
00518786820218060071;
00106992420208060158;
00246080420168060117;
00503979120218060161;
02048250820248060167;
02006640320248060054;
02053532120258060001;
00100629020258060128;
02000862820258060176;
02001122420238060167;
02021026420248060151;
02006425120248060051;
00120238520128060075;
02037875520248060071;
00034726720178060067;
00514686420218060053;
00428823620138060112;
02501078220248060001;
02046017020248060167;
02005258920238060182;
02005609020228060115;
02037068820258060001;
00028115320148060145;
00024697120178060069;
00054925520058060001;
02018965720248060084;
02025207020228060151;
02007926220228060096;
02000613620238060127;
01686751720198060001;
00027605120198060053;
02004127720238060169;
02598311320248060001;
00003415320088060050;
02001437320238060028;
02034471520228060158;
02008644220248060108;
02004325220228060121;
02031282020248060112;
02411970820208060001;
02003642520228060179;
01260069520098060001;
00026618820008060169;
00158870920058060001;
02001454020258060071;
00023640620098060092;
02009975520248060053;
02004241220238060163;
02726138620238060001;
00510923220208060112;
02001721420258060171;
06309933520008060001;
00032663220148060108;
00560706220148060112;
05572040320008060001;
00053097720148060160;
02000286920248060108;
02012406120238060173;
02435412020248060001;
02696792420248060001;
02006942120248060092;
02015649420248060115;
02055665320238060112;
00186905520178060029;
00060153620168060113;
02025126220248060171;
02010829220248060133;
06512179120008060001;
00025930720148060054;
02003048020248060050;
00175311120188060169;
02005746620248060095;
00364096020138060071;
00000928220188060202;
01468049220008060001;
02000459120258060069;
02294843120238060001;
00104173820248060160;
02003818120248060182;
00161450520168060075;
02001051920258060084;
02001551220238060053;
00508396620208060137;
02009472420238060163;
00048494120148060144;
00001148220148060202;
00001121520188060092;
02000651220258060157;
00503321420218060059;
02009475620228060099;
02702430320248060001;
02007333520248060054;
02000235220258060095;
02007445020258060112;
02025179620248060070;
02003018320248060161;
02001179520258060128;
02041164120248060112;
02017821120248060055;
01854695520158060001;
02001055420258060040;
00001191020098060096;
00582223920218060112;
02016600820248060084;
00513676920208060115;
02048268720248060071;
00003355920188060094;
02004724020238060043;
02000468520258060066;
00067895920178060104;
02021886920238060151;
30002458720168060023;
02001864420248060070;
00548038420148060167;
00101531920228060054;
02800075320218060054;
00467204520178060112;
02017192220248060043;
00113178220248060075;
00040062420008060126;
02003508420248060045;
02008641720248060181;
00005689220088060163;
00341763520118060112;
00123268420168060164;
02007184420248060029;
02007283320248060112;
02000544620228060073;
02013756920248060163;
02000657720228060137;
02002653720258060151;
02010994220238060173;
02785411820238060001;
02019074720228060055;
02001051520258060053;
06039624020008060001;
02045323520248060071;
02003384020238060131;
02003143020258060070;
02043161120238060071;
00117896920228060167;
00058396820198060043;
00019162420178060069;
02000651020248060169;
03850524620008060001;
02610165720228060001;
02004577120238060043;
00026185520128060162;
02003060420258060151;
04259643620108060001;
02013491020248060151;
02063078820248060167;
00605203020188060202;
02771737120238060001;
02016125920248060113;
02004057420238060108;
02014348320238060101;
00100416720168060181;
00366965320248060001;
02000059020258060043;
00511707320218060182;
02003384220258060043;
02002689820248060030;
02006160820248060163;
00378286820128060001;
00102208120228060054;
00163600720178060055;
00094463120158060043;
02005375020248060156;
02013322820248060133;
00100205320258060124;
00001126020078060040;
00103294220228060104;
00108984720138060043;
02013003920248060160;
02007787820228060096;
02005182520248060130;
00334721020248060001;
02000517920258060043;
02056955320248060167;
00101191320118060092;
02017848120248060151;
00023716720188060064;
02000203020258060182;
02001336020248060071;
00000383320008060175;
02019167520238060151;
02000435720258060058;
02011482520248060084;
00507559820208060126;
00001630320078060192;
00041742120178060129;
02003183820258060112;
05111603720118060001;
00051089220168060135;
02001781620248060087;
02007344020248060112;
02030938620248060071;
00169983320168060101;
02095201820248060001;
00003407920068060069;
01100221120198060037;
02028051520248060112;
00076838420008060151;
00103476320258060167;
00053988820168060109;
00058088420078060167;
02000250320258060166;
01482757920198060001;
02051712720248060112;
02001324220248060179;
02025031220248060071;
02000620620248060056;
04378611320008060001;
02002835320248060067;
00170875120058060001;
00259193920068060001;
00304107520168060151;
02671538420248060001;
00057504120198060109;
02029819520228060101;
02001193320258060171;
00546054720148060167;
00020222720008060054;
02016235020248060158;
02776887220248060001;
02004730720228060125;
00503377320208060058;
00519404120218060158;
02002389420238060128;
00501273920218060138;
00025486420198060171;
08896803020148060001;
00023323720188060075;
02068600920248060112;
00504398520218060050;
00102828620248060043;
02009273820248060053;
02003833620238060069;
00128019420198060112;
02090472920248060293;
00086799520148060182;
00021099720108060129;
00007866320198060122;
00144614420168060043;
00038306920158060142;
02057665520248060167;
00012291420088060182;
02006937320248060112;
01250042720088060001;
00241192220188060173;
00409682320068060001;
02002693420248060111;
02027685120248060091;
02000081620258060182;
02002111720238060127;
00519750820218060091;
02006254020238060054;
00140938820188060035;
02005294120238060081;
00106982620148060101;
02002903620258060091;
02013530420228060091;
02003134220258060071;
02014107120248060052;
00107314420258060064;
02006835220238060051;
02004217320248060114;
03987891920008060001;
02002188320238060070;
02012344120248060166;
02000263720248060161;
02010596220238060043;
02005022420248060081;
02003150720248060181;
04486454920008060001;
02002414220258060043;
02024553820248060173;
00342776020248060001;
00021917020178060069;
00502697820208060073;
02000809620258060054;
00107574020228060034;
02000755420228060127;
02006745420248060181;
02002328120228060109;
01702567220168060001;
00013700820038060053;
01332136720178060001;
00503422920218060101;
02002568520238060041;
00056829420168060142;
02005160420258060071;
02419591920238060001;
04894133120118060001;
02004550520238060075;
00101816420208060051;
02004873920238060130;
02015798720238060086;
00676329120068060001;
02751338220248060001;
00128562920178060043;
02004825720248060170;
02000616720228060128;
00008476120098060125;
00126064420258060001;
00511875020218060040;
02000308220258060050;
02014629520248060075;
02021900520248060151;
02009717420248060112;
02028842320248060167;
00156113020178060171;
00031900420198060182;
02001361720248060038;
02005294320248060166;
92024853220238060101;
00000345420068060217;
02013885820238060113;
02565091920238060001;
00076727420188060167;
02001401720238060094;
00005049420048060075;
02009373620238060112;
02029776220258060001;
02007086120228060096;
02653832720228060001;
00501973020208060158;
00101906120258060112;
02002869020238060051;
00010829520088060114;
02036848220238060071;
02001575120238060030;
02056254920248060001;
02010328720228060181;
02055942120238060112;
00507673620218060043;
02000402420258060084;
00506689220208060175;
02014513020238060163;
00067860720178060104;
00028053220158060106;
00043508020188060091;
02010395220238060114;
00008825720198060129;
00092417020138060043;
02023702620228060075;
00100218720258060043;
02015440220248060084;
00160228820128060158;
02041960520248060112;
00043833120168060159;
05702635820008060001;
00230368420168060158;
00055244420178060032;
00220243520168060158;
02024589620248060171;
02002282920248060059;
02013465920228060043;
00502328420218060180;
00018392620188060151;
02006175820248060109;
02001775120248060145;
01122827220198060001;
02000046120238060145;
02004534220228060084;
02006844320228060028;
00029944420168060148;
02011151220248060124;
02007354620238060084;
00003963020178060198;
00103798620248060043;
04872212820118060001;
02004474720248060122;
02025338920228060112;
02000678020238060050;
00553517020208060112;
02002736120248060179;
02002890720238060096;
02494247920238060001;
02000169320258060084;
00063357020088060112;
02009773320248060128;
02002857020238060095;
00066861120138060163;
02014751520248060166;
02013375020238060112;
02062475220238060167;
02018146020238060084;
02915323220008060001;
01290931520168060001;
02065608120238060112;
00005923320188060111;
02001136420258060029;
02008004520238060115;
02006284320248060059;
00000465520068060092;
00292816520108060112;
00520292520218060171;
00101165820118060092;
02002561120258060043;
02016822720238060173;
00508662520218060069;
02015657420248060052;
00515954520218060168;
00513833220208060112;
00063759520118060096;
00290266120248060001;
00005601220088060165;
02002211520258060055;
00022873220188060043;
00516560320218060071;
00402288920148060064;
00094429420178060084;
01187270920198060001;
00039742920118060095;
02005811020238060090;
02007034120238060181;
02009904920238060166;
00205396320178060158;
02252613520238060001;
02351911420228060001;
00657059620168060112;
02801082120228060001;
02009231820228060070;
02009398820228060096;
01491470720138060001;
00503105320218060156;
05241184120008060001;
02016668420248060158;
02003250420248060132;
02004832520228060069;
02218023020208060001;
00066777020188060067;
02008826520238060151;
00100215420258060054;
04211659620008060001;
00100346520258060050;
00354728020248060001;
02001707220238060055;
00104666320218060070;
00036232720238060001;
02017175220248060043;
08537842320148060001;
00027492920118060109;
02008713520248060043;
00048003320188060120;
00514192120218060086;
02058124420248060167;
02077816520248060112;
02843054820248060001;
02003689320258060070;
01390061620198060001;
02001537420238060107;
02000977220258060171;
00508636420218060071;
00002415220158060180;
02509118420238060001;
02006842720248060043;
02005269020248060133;
02000718620258060070;
00488297720148060034;
02002600420248060069;
00035991820128060087;
00300417720118060112;
00501977520218060164;
00251469120068060001;
04612001520118060001;
00511607420218060167;
00416387220138060112;
02000651720228060157;
02001465620228060127;
02001432620238060173;
00505612220218060043;
02096500820248060001;
00407760420118060167;
02000199320258060069;
02042858320248060029;
00362638220148060071;
02001841020248060059;
00003093020188060169;
02006031520228060119;
02005586020238060059;
00056653120118060143;
02000773320258060090;
00092462920148060182;
00036658720178060130;
04267550520108060001;
00000154920138060202;
02004401620248060038;
02023629320248060167;
00159895620118060151;
02004096020238060028;
02008197720238060171;
02052301520248060112;
02005720820238060168;
02005559220248060052;
02836467320238060001;
02011643920238060043;
00065632420198060059;
01190256920178060001;
02039478020248060071;
00012002820078060075;
02003652520258060043;
00012071120008060125;
02003543620228060096;
02000092620258060109;
01034204120158060167;
02003838420248060074;
00048742920098060112;
00065773520118060173;
00106967620198060167;
02000686420258060157;
02000743020248060182;
02015613120248060151;
02010044620228060173;
02005445420248060055;
02004673120248060092;
02003566320258060043;
02027734320248060101;
30013909820188060221;
00100317920258060125;
02007946420238060171;
02017227420248060043;
00187316020008060112;
02000046520258060121;
01016558220148060001;
02017691520248060151;
02001453020238060097;
00011951920058060158;
00100298320258060166;
00092508420108060092;
00509853120218060151;
02001249420258060158;
00000403520138060211;
02857541220228060001;
00056995920148060156;
02000401320258060120;
02033155420248060071;
02567612220238060001;
02004996820238060028;
01377623320118060001;
02005288720248060124;
08000087220248060029;
01097907820178060001;
02000902720258060124;
00053624920168060108;
02000488620238060143;
00071236620188060134;
03691955720008060001;
01420427120168060001;
00003953120128060033;
02012463620248060043;
00102595320208060182;
02028358420238060112;
02008389220248060092;
02043972420228060158;
02705213820238060001;
02008805720228060175;
00966298320158060158;
00067701320168060161;
02001915520228060161;
00004503120188060078;
02028306120248060101;
02018435920238060101;
00013955520008060108;
01362916920178060001;
02014528620248060031;
02014680220248060173;
00011200520038060043;
02001441920238060041;
00391165620128060064;
00673976220168060167;
00103389620198060075;
00037117720138060078;
02002770320258060070;
02042041120248060167;
02006400420248060109;
00042441720148060170;
00556337420218060112;
02982167020008060001;
00506366520218060171;
00117377120168060171;
01731900320168060001;
02001130420228060083;
00027940620008060081;
02001287920248060122;
02011091920238060163;
00613296720168060112;
02000062020238060181;
02780180620238060001;
00001417820098060028;
02066871420248060167;
02004630420248060121;
00015595820198060171;
02005146120228060096;
00003707520168060195;
02007615320238060081;
00034856120008060035;
02687685220008060001;
02173861420238060001;
02005911720258060112;
02003367020238060131;
00128730220168060043;
02046808320238060167;
00111602620158060043;
00504452420208060181;
00062157020198060167;
00087604120148060086;
01111463720158060112;
00002162220188060087;
02013144020248060122;
02269398520238060001;
00047390620148060156;
02003722220228060043;
02463525020248060001;
02000201920228060058;
02000074120238060169;
00003306520148060033;
02007508420228060040;
02000894120238060050;
02000265520258060176;
01396064220168060001;
02000193420258060121;
00005453120198060109;
00044636220108060140;
00102401920258060167;
02000649420258060167;
01417725220138060001;
02346972320208060001;
02028941820248060151;
02825099020228060001;
00502062520218060168;
02657239720248060001;
02009711820248060163;
00000868720188060101;
00505072820208060096;
02056889520238060167;
00044986120148060114;
00502407820208060121;
02746955620248060001;
00001125620188060143;
02021314820248060173;
02001733720238060181;
00003866420058060114;
02003963420248060058;
02000786020258060173;
00000154820108060107;
02020614920248060167;
00656547920068060001;
00117689320248060112;
02000353120238060097;
02000481720258060111;
00100054320258060170;
01513873720118060001;
08693146720148060001;
02820424320248060001;
02000919720228060162;
02039930620238060071;
00003499820178060184;
02011787620238060090;
00103926620118060035;
02000119320258060109;
00056241520128060051;
02000312420238060087;
00001272620038060054;
00171055220188060119;
04185382220008060001;
00488027220098060001;
02001683520248060066;
02014955520228060043;
02008546920228060107;
02672249120218060001;
00508996920218060051;
00555390520168060112;
02053664120248060167;
00015311120108060073;
02006391220248060176;
00102830720248060032;
00003038220098060122;
02001780620238060134;
00130901620168060182;
02004499720248060160;
02002599820248060075;
02001432420258060151;
00061694320148060107;
00041342420138060050;
01675943820168060001;
02003247120258060071;
04723733620118060001;
02002431220258060043;
02065890820258060001;
02025216720238060071;
04752182720008060001;
02022821420248060173;
00009748520008060166;
00504366120218060073;
00511553420218060173;
00050601220128060156;
02689933220248060001;
02331633920238060001;
00510325420218060167;
02653928620228060001;
02012171020248060035;
02010396920228060055;
00105293720248060053;
00023909220178060069;
00011555620188060069;
00524286320218060071;
01769745120178060001;
00507325420218060115;
02036949220248060071;
00507671420218060115;
00004437620148060111;
00334102420118060001;
02002869620228060028;
02006337520228060143;
02064881020218060001;
02021259320238060070;
02823541920248060001;
02000484620238060124;
02002786320248060121;
02027612920248060101;
00528652020178060112;
02557199820248060001;
02007280620248060121;
02058098920248060167;
02002554220258060070;
02005247920228060040;
00004282920188060027;
00017771420138060069;
01862951320178060001;
00171386020178060092;
00213615120178060029;
02015967920248060154;
02457944920228060001;
00500817820208060043;
00079074220008060112;
02002287520248060173;
02004185820248060134;
02055352820248060167;
02323487620228060001;
00004991920008060041;
00521752920218060151;
02000812120258060171;
02157054320228060001;
00567703320178060112;
00040535320008060043;
02000369020258060179;
00045751120008060163;
02001783020238060126;
00162680220168060043;
02012585820238060084;
02007567620238060163;
01632219520158060001;
02006372320248060053;
02000460520258060028;
02755239120208060001;
00087447120178060122;
00500797920208060182;
02006443420248060176;
02002684520228060038;
02013639520228060043;
02004311520248060051;
02019626320248060043;
00504262020218060169;
00082816620178060143;
00004522420198060059;
00077272820128060137;
00414633320078060001;
00080121620198060027;
02001407420248060096;
02003824120238060040;
02016201020228060112;
02183077620008060001;
00011818220118060042;
00102225120228060054;
02002883220258060167;
02006215220258060112;
02041277020248060112;
02047388620238060167;
02066959320238060112;
00002264720118060205;
02407706920248060001;
01796902220158060001;
02000448520258060173;
00487784420098060001;
04639013220008060001;
00007439720048060043;
02022451320248060035;
02010135220248060071;
00366198520138060112;
00011755220158060069;
02001484820238060173;
02812396020248060001;
02004702620228060069;
07555595620008060001;
02692604420008060001;
02000702320258060096;
00102753320248060128;
08000396620248060070;
00002202420178060207;
00072547320198060112;
02000953620258060096;
00100320320258060113;
02015900420248060112;
02000933120258060043;
00124261820158060053;
02012683520238060171;
02002966620248060030;
02018000320238060173;
02004398020238060130;
02019552420238060070;
02000718220238060094;
02007352020258060167;
00125263720168060182;
08000216720228060053;
02001786420238060050;
02006367720248060040;
00508757520208060051;
00375168420118060112;
02694492220008060001;
02018832120228060119;
02013495120238060084;
02008949020238060115;
02011377220238060167;
00123162120248060112;
01430707920138060001;
00265545420058060001;
02000248820228060112;
01122376820198060001;
02410564720248060001;
00023689720118060116;
00389093220248060001;
00002193020128060202;
02000825220228060125;
01168307720188060001;
02005520720248060160;
02000792220248060095;
02057682520248060167;
00256865220008060001;
02016959220238060151;
00065582120188060161;
02000236320258060059;
02789505720248060001;
00060022120148060141;
02012953420248060122;
02000507420258060179;
02009415920238060052;
00029146320198060055;
02000101720238060162;
00102774820238060092;
01650193320118060001;
00136942020258060001;
02039211420248060029;
02446264620218060001;
00103337920258060167;
02012818020248060112;
00505183520218060092;
02034246820248060071;
02001523520238060028;
00511567820218060121;
02005528420238060081;
00099853320158060128;
00100842820248060050;
02025647020248060070;
02008692920248060055;
02002736020258060071;
02000737420248060043;
05504313920008060001;
00227178220178060158;
02000994720258060040;
00097589320118060092;
00003147320098060070;
02005668220228060120;
00196674920088060001;
02000986220258060040;
00065731220138060081;
02011039520248060124;
02003935520248060163;
00529690720208060112;
02001827820248060111;
02001911620258060043;
02001582420258060173;
02008418020238060157;
02043574420248060167;
02005177620228060173;
02007222120258060167;
02006867620258060167;
02384132420218060001;
02010305920248060113;
02010090620238060053;
02000891120238060157;
02001884820258060112;
00059215220198060091;
02001762920248060125;
02531486220218060001;
02065105520238060112;
02003653220238060128;
00054609420138060122;
00007205820158060111;
02003627120228060109;
02004857520248060052;
00542162220078060001;
00008872320098060164;
02000454620258060181;
00003007420088060054;
02046765120228060112;
02013638820248060055;
02008419720248060043;
02000042720258060069;
02014867920248060122;
00974976120158060158;
00500214820218060180;
02023383620238060091;
00016475920198060151;
01606305820188060001;
02000884520258060128;
00047526820008060035;
02067236120238060112;
00110008320258060064;
02002127820248060058;
00245995220108060117;
07971734120008060001;
02027204720228060064;
00107212720008060112;
00005211420198060073;
01085854820168060001;
02004097320238060056;
06139265720008060001;
00308197520008060001;
00000932320168060207;
00100536320258060182;
02002658620258060167;
08000162720248060101;
00063403820198060167;
00085216720148060173;
02012963220248060053;
02001989520228060145;
02000062320258060125;
00505021120208060062;
02007924820238060154;
02015354420248060115;
02003482720228060032;
00012562720098060096;
02011727920248060043;
00509057120218060182;
00095058920148060128;
02000123420258060059;
00061566820088060167;
01169003120178060001;
02753388220228060001;
02055466220238060112;
02000861420248060095;
02003888420238060028;
00501905820218060043;
08938167020148060001;
00012590720028060167;
02334515020248060001;
02069084920208060001;
00134203420168060175;
00350111120248060001;
02023715220248060071;
02000218620258060029;
00342111620148060071;
00001824620108060081;
00150753520178060101;
02001100620258060128;
00047147020128060153;
02055456720248060298;
02000058820258060076;
00085058220198060062;
02008714820248060168;
00005136620068060049;
00015464920158060058;
02017956720238060112;
00002205520068060095;
02002961420248060112;
00111714920218060171;
02065694320238060112;
02032397220228060112;
00503743820208060111;
00101548720238060112;
02003856620228060028;
02007015320228060069;
00101704120248060133;
00397822420148060117;
00086906120178060169;
00615965220178060064;
00068765620168060134;
02003848120258060091;
00500209420208060181;
02000702420258060128;
02013595820228060043;
02477616120248060001;
02000579020258060171;
00042166620158060153;
02008702420248060084;
00050160620198060040;
02707107920248060001;
02001997720258060112;
00509871720218060081;
02000074620238060038;
00502842620218060101;
02037494320248060071;
02010962920248060084;
02007565720248060158;
02301867420238060001;
00005568120188060081;
00057908220088060117;
02000206520238060096;
00008059720068060163;
02044148820248060029;
02022676020248060071;
02000158520258060124;
00500043520148060090;
00514337220208060075;
02014574120228060173;
00052005020198060043;
00375185420118060112;
04074312920108060001;
02004565320228060130;
02003468820228060151;
06371026520008060001;
00503350420218060112;
02006552720258060112;
02003326920248060043;
02015270520228060029;
02648110820218060001;
00118994420198060112;
02001486920238060069;
02010406520248060158;
02000893720258060158;
00081008620138060052;
02012689220248060173;
00530250620218060112;
02014707120248060043;
00110897320248060151;
00100307920258060130;
00576360220218060112;
02001446720228060101;
00008663720018060064;
00219967120078060000;
02013542120248060090;
00549823120178060064;
00512278720218060151;
02003494620228060053;
00347447320238060001;
02000844320258060084;
02005560720248060043;
02005922420228060171;
00058250920158060081;
02000372320258060067;
00392685720128060112;
08000290420248060173;
00433002220148060117;
00113409120248060151;
02001876320258060112;
02000907920238060097;
00077607720108060043;
00100200520258060043;
02004572220238060124;
02009371920248060171;
00542263320218060112;
02006329120248060120;
00124949220178060086;
02000818120258060054;
02013735820228060070;
00013564220198060092;
02830331920248060001;
02000683720258060166;
02000899120258060140;
02058079020248060112;
00501715220218060043;
00061752620108060128;
02005336920238060181;
00345097620128060071;
02211960320008060001;
02000335820258060043;
02003477420238060107;
00300840920198060120;
00093049220158060086;
02000931020228060181;
00058687020158060169;
04256235920008060001;
01286723520108060001;
00981747220158060035;
02003946920248060121;
02059160720248060112;
02184858220248060001;
02030624820258060001;
00141753220178060043;
00028280320008060106;
00552422220218060112;
02001258120258060028;
00019059220178060069;
02685891520238060001;
02012313820228060043;
00553005920208060112;
02006581120258060167;
02002969120238060130;
02003253020258060112;
00100753820208060040;
02002875620248060143;
02027743320228060025;
00004787420188060053;
02001845620248060076;
00507209620208060043;
04971350520008060001;
00333733620078060001;
02000294320238060123;
00024663320198060171;
00147944420248060001;
02000843620258060054;
02000653720258060181;
02004999220248060041;
02005622420248060169;
07889137220008060001;
01761510920198060001;
00075412620158060096;
01033212120148060001;
02008517520228060120;
08000407020248060096;
02004849620258060071;
02010344920238060043;
02063899020248060112;
00057954320198060142;
00107310220248060154;
02007946020238060043;
00008493020198060109;
00101367220258060055;
02004235720258060001;
02064894520248060112;
02008200820228060168;
02004424720258060071;
00102336220228060157;
02852284520228060001;
02005514520248060120;
00500510620218060044;
02010472620238060115;
02000211520258060182;
00006832820098060083;
01488335620168060001;
00300468320198060156;
00102414020178060181;
04460593920008060001;
02000798120248060043;
00062614320198060043;
00161104420168060043;
02005143720228060104;
02003965320248060181;
02010249620248060163;
02000257120238060166;
02001492820258060055;
01453112120168060001;
02005676120238060143;
00073423420008060062;
01142988220088060001;
02010114920238060158;
00718936520078060001;
02016332520248060084;
00113088220198060112;
00062612120058060112;
05701293120008060001;
00634823320078060001;
00111530620248060112;
03867343620008060001;
02001115620258060171;
02001457320228060094;
00017090720008060203;
02009652520248060126;
00788071920058060001;
02018387820248060173;
00114605720248060112;
01364205520098060001;
02478823220008060001;
02008401320248060173;
02014938820238060160;
00500995020208060027;
00002221720148060201;
00103457420248060120;
00126116620258060001;
00097203520188060028;
02097791820218060001;
00149288620178060043;
02560830720238060001;
02014834020248060053;
02014055420248060115;
02027781620208060001;
02000054020258060092;
00102141320248060084;
00533458520218060167;
00314075620208060171;
02000607120258060130;
00016004520168060069;
02064380520228060112;
02050702420238060112;
03062312820008060001;
02002122620248060043;
02006841620228060037;
02044224420238060112;
00002669120198060029;
02006816120228060037;
00047157520148060156;
02018555120238060173;
00083022720148060182;
02008013320238060114;
02001071720258060107;
00370248020248060001;
02800081320208060106;
00638023920178060064;
02001148320228060181;
00104718020248060070;
02005127620248060143;
03363056520008060001;
02000272320258060117;
02003717120248060106;
01280955720108060001;
02014660420248060053;
00100516920248060169;
02018956220248060055;
00372014420248060001;
00017480620178060042;
02149672720008060001;
02156859620158060001;
00500888120218060125;
02000269020258060132;
02004831020228060074;
00003279620168060209;
00517603620208060101;
00101154820248060050;
02009792220228060112;
00004973720178060111;
02009714420238060101;
00101023320198060112;
02007098520248060028;
02009927920248060070;
02001228120258060043;
02000910720258060158;
00100544720258060053;
00376036120148060071;
00057384020198060040;
00524693020218060071;
02633313020008060001;
04942469220118060001;
01972576620158060001;
00039627320118060108;
02008449620228060051;
01872244620178060001;
02003350620258060070;
02273968320248060001;
02768832220248060001;
02000746520228060096;
00177173420188060169;
00028967520048060117;
00057619520188060112;
00000098320108060093;
02003254320258060043;
02010636520248060043;
02000281420248060094;
00508367620208060084;
04417126020008060001;
02003564720248060092;
00009237920188060122;
02002032820258060173;
02038127120248060167;
02049692120228060112;
00105852620248060100;
00488140820148060035;
02000690320258060043;
02437441620238060001;
02001717820248060069;
03355547820008060001;
02807078620248060001;
02530310820208060001;
00101468820228060163;
02007163220248060043;
00079571020118060136;
02001898820238060181;
02001324920258060133;
04302726720008060001;
00515228820218060163;
02030525920238060167;
02000894920248060133;
00129431920168060043;
00019831520008060059;
02001164620248060096;
02000073120258060182;
00001439220198060094;
09194576020148060001;
00406915220128060112;
02004974520248060099;
00023050520038060035;
02070398720248060064;
00166327620198060169;
02014690920248060101;
01032148420088060001;
02023653620248060171;
00101561820258060070;
02014522020248060053;
00534275720068060001;
02009627420248060157;
02005842520258060112;
02020820720248060173;
00112724420248060151;
00008103420098060125;
00003332520188060180;
00050238320188060120;
05476372520128060001;
00038491220148060142;
00091146720128060173;
00512413220218060164;
02071750820228060112;
01934240620168060001;
00114669820128060075;
01240945320158060001;
04830280420108060001;
00500947720208060043;
02001512120258060112;
02007785420238060028;
02062195020248060167;
00084997720128060173;
00450777620138060117;
00094548720158060049;
02011744720238060055;
00001971720138060111;
02002673220248060057;
02010267020228060055;
02004298720248060134;
00073484720198060071;
02006487120248060176;
00107783420248060070;
02002028320248060074;
02009507820248060054;
02002253720228060094;
02669990920008060001;
00432327620078060001;
00500170520218060182;
00500075820148060035;
02001226820258060112;
00162759120168060043;
02000461420258060122;
02007499520248060051;
00003198120058060120;
02004389320228060045;
00502389120218060083;
02883327920218060001;
02058767220218060001;
05962725720008060001;
02006521120248060176;
02003530920248060055;
02000547920258060028;
02068676920228060112;
02000847220238060097;
00101212520248060157;
02026435420238060112;
02005217720248060130;
02006112620228060043;
00220641720168060158;
02002304820248060075;
02374666220248060001;
02026674820248060112;
02015745820258060001;
02007349520228060084;
00001356520138060211;
01550678820158060001;
02010326920228060090;
00115125320188060083;
01007884220158060167;
00501654720208060086;
00172754920168060101;
00508378720218060064;
02001300620258060028;
02000926720248060112;
00030792220068060167;
02008272620238060051;
02027211420248060112;
02000798920238060181;
02000271520258060055;
00336559020118060112;
00501253720208060160;
03634941820008060001;
00991465720098060001;
07551698620008060001;
02475379420228060001;
02005505020258060112;
00137720220178060128;
02011128220248060051;
02009637720248060054;
02001113020258060115;
00028243820158060106;
02004223020258060112;
02003073520258060071;
00510589020208060101;
02003842120238060069;
02003394020258060071;
00508413820218060028;
00386486720248060001;
02002526720238060067;
02006236520248060109;
00021253020148060123;
00430902020138060112;
00266129020248060001;
02002562420248060050;
02014541820248060173;
02027602020248060303;
00028260520178060149;
02005470720228060143;
02000523120258060151;
00102761720228060054;
02009246220248060157;
00503339820218060123;
02011474220248060051;
02016541120248060113;
00349298920118060112;
02060209620248060112;
00465896020148060117;
02769086920238060001;
00065863920188060112;
02041083020238060167;
02006109320238060176;
02004640220228060107;
02004660320248060074;
00037891320198060094;
02007487320238060107;
00101293520258060070;
00770351620088060001;
02111094520248060001;
00497956620148060090;
02034333020248060071;
02551564120238060001;
00007907920058060029;
02001352620258060158;
02009201420228060151;
00000957120188060126;
02026051820228060293;
02000184220248060070;
00371061020078060001;
02732487220208060001;
02007140820238060040;
00098186620118060092;
02027543720248060101;
02005808320248060124;
00341052120248060001;
00536692220148060167;
01651173720198060001;
00622866320178060167;
02004400620248060106;
02054028320248060167;
05319745620008060001;
02009758120238060101;
00105016520248060119;
00101248720008060167;
02001857720218060001;
02008068920248060059;
00501441920218060092;
02007914420228060107;
02011382620248060166;
02004927620258060167;
00316810620248060001;
08000022820258060127;
00214319820198060158;
00100787620238060043;
00164634420188060163;
02004950220238060070;
02007016720248060171;
05570481520008060001;
00103662320248060032;
02010276120228060053;
00025390820148060162;
02003576220238060158;
00538290820208060112;
02066141320248060112;
00175533120188060117;
00504056520218060162;
00358944620138060064;
00569276420218060112;
02004328420248060120;
02004623220248060052;
02026711720248060167;
02005952820248060035;
00003481620068060050;
00018168020008060064;
00055134420178060087;
00282514620248060001;
02004047520248060069;
02005846920238060120;
00528617520208060112;
02857377320228060001;
02013816820248060101;
00604444820178060167;
00005750620198060129;
00301904320198060096;
02013849820238060055;
02000271120258060121;
02003495320248060028;
00100355920138060086;
02615956820238060001;
02012114120238060163;
01485728620198060001;
02018288320238060071;
02009327720228060167;
00152412920178060049;
00101475320248060050;
02000808220248060070;
00239587920188060086;
02002362020258060043;
00089151120138060173;
02019046020248060043;
02602754620248060001;
02031209020248060064;
00030053920158060106;
00501623720208060169;
00000919520128060206;
00100437620258060163;
00286199120188060154;
01933651320198060001;
00101486320118060092;
02211415220008060001;
00508883520218060182;
00095537020118060090;
00508633120208060158;
00108750520248060112;
05330311220008060001;
05044759720008060001;
02013600920238060043;
00012861220188060043;
02004538320238060156;
04099121420008060001;
02001136520248060040;
02004241220228060045;
02044966420248060112;
02000061220258060161;
00190298520168060049;
00532202520208060112;
00531896820218060112;
00502555320218060043;
00003082620188060143;
02004342920248060096;
04048664420008060001;
02016080520248060151;
02005522020258060112;
02000544420258060169;
02000481720238060166;
00104917020158060043;
02023214820228060151;
02014289220248060052;
02001070420258060176;
00136937420188060035;
00070313020188060121;
00514022620218060137;
00396466020128060064;
00471932520078060001;
00150108720178060053;
02005348820228060181;
02008113320228060043;
02007813520238060181;
02000088220258060160;
00088938420128060173;
02043132220248060071;
00078314220158060128;
01731918520168060001;
00100237320258060070;
02677029420248060001;
02053817820248060112;
00000941420158060184;
08000051720248060030;
00010723520188060200;
00148373020168060043;
00086737520008060151;
00506678320218060107;
02007515820228060173;
02912210620218060001;
02002856020248060087;
00000955920198060054;
00001183220098060126;
02025508620248060167;
00100442220258060176;
02000652720258060055;
00475795120148060117;
02016566820238060160;
02007465120228060168;
02857738120238060001;
02002960220238060095;
00166224720168060101;
00500273220198060081;
00370740820158060071;
02001283620258060028;
00707268120058060001;
00136277020168060001;
00117026820138060090;
02019146020248060090;
00383819520248060001;
00088964120148060182;
00029538720158060059;
02001514620248060115;
01996770520198060001;
02076907220248060112;
02005113420228060120;
00052143120188060120;
00102960620248060032;
00067600620118060173;
02001590920258060173;
02003442420238060171;
03691721420008060001;
02010949420248060137;
03136690820008060001;
00041720520178060112;
02006956320228060128;
02021529020248060151;
02000683920238060091;
00014233620198060050;
00008756520198060129;
02000556320248060169;
00000190920028060029;
00528654820068060001;
05379166920008060001;
02004342820238060043;
00584436120178060112;
09104934920128060001;
00045476420158060083;
00027735720008060169;
00004486120008060088;
02007551120238060028;
00504753320208060028;
02015112520228060167;
02000791420258060054;
02017617920238060084;
02000746820228060095;
00021802420088060112;
02051262320248060112;
00133337720008060001;
02002552620258060043;
02005710820228060055;
03004935920008060001;
02014805520248060160;
02002459220258060071;
00101157320118060092;
02045924520238060167;
02092817720258060001;
02009273520248060151;
00234622120188060128;
02005920520238060069;
02006990920248060168;
00015789420188060043;
00028517520148060067;
00492780820128060001;
02847150920248060001;
00017976420008060035;
02059066020248060112;
00274308720188060151;
02002991620238060043;
02003487120248060124;
02000174520258060095;
02019530420248060043;
04135141320008060001;
00044559720158060144;
02023439520248060035;
00052167820008060169;
00095545520118060090;
02003112020238060111;
02016164920238060043;
00071753020128060051;
02012708520238060112;
02001328220258060122;
03641637120008060001;
02014952120238060043;
02002172720248060050;
00053408820168060108;
02033561320198060001;
02007713320258060112;
02003103020238060145;
02004454020238060081;
02005086620248060134;
02004506320248060134;
00041915720118060100;
02493875220238060001;
02002493220258060071;
00052319320178060155;
02003531620238060161;
02000750420248060121;
02009043820228060029;
02000357020258060126;
00007800220138060111;
02014396720248060070;
02007731520238060066;
02004751020238060038;
00002625220178060214;
02000998420258060157;
02002512520248060107;
02007323620258060112;
00504063520218060167;
02008916820228060181;
00114789220248060075;
00014797320198060081;
02031379820238060117;
02000429120258060181;
00095225520158060043;
02167874620218060001;
02014240620238060112;
00002557820188060035;
00390966520128060064;
02007598320238060081;
02000141220258060121;
02001414320248060166;
00063196920118060126;
02010896320248060043;
02006694020258060167;
00018770820048060158;
02013118520238060101;
00078610920058060167;
02057925320248060167;
00051937720118060095;
00507648120218060043;
02005773220248060059;
02196012620248060001;
02038793320248060071;
02007417320228060121;
02058765920238060112;
02009887320238060071;
02064207620238060167;
02012533620248060299;
00503332120218060181;
02010327320248060163;
00000416220088060092;
00004753220128060150;
02023109420248060071;
08316881420148060001;
02007174520248060163;
00034320220178060030;
02058228820248060167;
00508814320218060182;
02010788320248060156;
00100462920248060175;
02075694420248060112;
02078021220228060112;
00511910720178060112;
02007789220248060101;
00028439520198060173;
02011537420248060075;
00003251720118060205;
03384266620008060001;
02013439720248060055;
02011193520238060043;
02058939020248060167;
00510952320218060121;
02000129220258060169;
00541302120198060069;
00002076720188060214;
00508396320218060062;
02018627220248060055;
02002947020238060050;
02000069420248060145;
00046706720138060104;
02001765520238060160;
02004986620238060163;
02001544320228060059;
00502077520218060114;
00100242920238060167;
02054097520248060167;
02000098020258060091;
00001459120138060217;
00371520320248060001;
02800619520218060158;
02016335520248060171;
01555753920128060001;
02703366820218060001;
02996465720008060001;
02041396020238060293;
00103298520238060143;
00566762220168060112;
00100119520258060058;
00508337820208060163;
00101996720118060062;
00034947520138060129;
00983628420158060158;
02008110820248060158;
00994839120158060112;
02005146220248060170;
01427667520168060001;
00316278120128060091;
02023558320248060173;
02056770320248060112;
00034959420128060129;
02018329420228060091;
02011128720248060114;
02003463120238060094;
02008742720248060160;
00522233420218060071;
02613684420248060001;
00069732020198060112;
02002028020238060054;
02026484220248060112;
00571505020078060001;
01170452420168060001;
02009698820228060043;
01016778720078060001;
02001662320238060059;
09042075520128060001;
02004522120248060041;
01652241820188060001;
02026404520248060151;
02000534220238060068;
02008989320248060115;
08798677620148060001;
00101048420208060203;
05756557620008060001;
02016208820248060031;
02027688520248060112;
02075409120248060112;
02024173220248060171;
02020160320248060084;
02002685320238060121;
00105961020248060115;
02017273320238060043;
00000356020178060150;
02006812020248060125;
02002724220238060040;
00059602820138060166;
00065944120038060112;
00398160720248060001;
02001452720258060043;
02000568320238060104;
02000236220258060124;
00106001520248060158;
02006137520258060112;
02039308120248060091;
00003138820098060070;
02006083720238060043;
02045289520248060071;
00506070920208060055;
00500405720208060158;
02001918220238060076;
02004428720248060069;
08521352320148060001;
02000048120238060203;
02000304520258060030;
00000084220008060128;
02001324520248060081;
02014455720228060163;
02003692420238060143;
02512409620238060001;
02007701520238060081;
00063678420168060083;
02005619120238060066;
02002949120248060161;
02019156320248060084;
00500626220208060111;
00000396520188060214;
02036429420248060298;
00100176020258060169;
00505558820218060051;
00377491320138060112;
00508368720218060069;
02625272220248060001;
00144597420168060043;
00118658920178060128;
02516696320238060001;
02006956520248060040;
07908044020148060001;
02011762720238060084;
02244663520008060001;
00100487420258060171;
02002777020248060059;
02003153220228060066;
01549275420158060001;
00100924720258060154;
01215450220178060001;
00076983820198060167;
00081720820128060182;
02055246720248060112;
00084185620188060129;
02000836520238060169;
30011674220178060008;
02000753120258060133;
08000037720258060041;
00165312020178060101;
00119693520108060158;
02025490420248060167;
02556047720248060001;
04607549520008060001;
00380501620248060001;
02001088320248060156;
00006982320198060155;
00119261620168060182;
08000058220258060094;
00001379220148060213;
00503029620218060117;
02029643520248060151;
00135827120178060182;
02284725020218060001;
02009389720248060043;
02003017320238060111;
05115839420118060001;
02009869820228060181;
00366921620248060001;
00115057520248060075;
02004279720248060173;
08821662620148060001;
00279867420068060001;
02000463720258060179;
02566905420228060001;
02000075620258060109;
02000907420258060173;
02025335520238060112;
02011235720248060166;
00507313220218060095;
00062113220088060001;
02017669420248060075;
00116807320148060090;
02000812020238060097;
02446648720238060001;
02075804420228060112;
00100978920248060094;
00146981420178060053;
00117109020158060117;
00058110320198060043;
00105373120248060112;
02009363420248060171;
02027694120228060112;
02001162220258060028;
02010186120248060043;
02003723520228060168;
02304324120218060001;
00002607620128060111;
00100404720148060086;
02025242520238060167;
00347318020008060001;
02006317420228060121;
00012648020008060108;
02892245120228060001;
02000199720248060176;
02005389620248060168;
00182881920248060064;
02019513520248060075;
00177477720168060092;
02459090220248060001;
02668458220238060001;
00982502820158060090;
02030076920248060151;
00104479120228060112;
00101651120238060050;
00864067220068060001;
02002338520228060135;
00060054720128060140;
02009103320238060151;
00100332320258060069;
02006327320228060181;
02314462620228060001;
00515541820218060091;
00011780220188060069;
02018570220248060071;
06373970520008060001;
00082434220148060181;
00089694720178060169;
03186221520008060001;
02018769220248060043;
02000622720238060028;
02003469020248060160;
02001145920228060092;
00002023620128060188;
02758648320218060001;
04751067220118060001;
02002076720258060043;
00502955420218060069;
02000054520258060058;
02001492220248060133;
02742472020238060001;
00971728220098060001;
02003983120258060167;
00175510220188060169;
02000974120258060052;
06191559520008060001;
02001035120258060051;
02055596920248060001;
00089037320198060112;
02032823520228060071;
01200039620198060091;
00117905720128060053;
02010795620248060160;
03338503020008060001;
00069065920008060035;
02003340320238060131;
02853563120238060001;
02004184420248060171;
02006413620238060040;
00010847520088060143;
08425946320148060001;
02534217520208060001;
02001173120228060054;
02010980320248060115;
02027347620248060091;
00508303220208060161;
00505601920208060125;
00012493420088060043;
02006397320258060112;
00166205820168060075;
00091770820108060062;
02040693020238060071;
02001041120258060124;
00011118520068060092;
00056523020068060071;
02033830420248060071;
02004634820248060171;
02425290520238060001;
02863652820238060001;
02004940320228060086;
00483821820168060035;
02012317120238060053;
00056618520178060077;
02001238520248060145;
02033678420238060071;
02008290220248060070;
02067484020248060112;
02601242220208060001;
00503854420208060054;
00107343320108060158;
02002756420248060168;
00200799820198060128;
02007517120258060167;
02014721520248060084;
02836343020218060001;
00502126220208060040;
08000772020228060112;
02001003920258060070;
02029351320258060001;
02010097420228060171;
02036212620248060167;
00504414620218060053;
00057250220128060100;
02000735920258060069;
00273944020008060001;
02027276920228060151;
02063026620248060167;
02001870220238060058;
00073444620078060001;
00058621420198060043;
00063122120008060043;
02006102220248060059;
00041249820168060106;
07205746120008060001;
00008877920198060129;
01231799620188060001;
02016460620248060090;
00511676320218060071;
00041715320008060035;
00055802620188060167;
02043978620238060029;
00202367120198060128;
00343840720248060001;
02002229520248060067;
00000206620188060050;
02000157620258060030;
02730892720238060001;
00509418020218060096;
00019585020198060151;
00001995020078060158;
02007964220248060157;
02631607220208060001;
04282937020008060001;
00503997920208060134;
00031352020158060109;
02000105420258060030;
02855344820218060001;
00118243120178060126;
00008925820188060090;
02006533520248060163;
08000029320248060052;
03805410520008060001;
02006717320248060125;
02018065020228060171;
02000371520248060081;
00001279720188060216;
00474042720088060001;
02004320220238060094;
00147418220178060171;
02004924120238060169;
00056104920168060032;
04034893820008060001;
02032150220248060071;
02220612020238060001;
02011697720238060070;
02072922820248060112;
02016251520238060171;
00501423420218060097;
00522603520218060112;
02057561120248060167;
00014637820028060158;
04464101220008060001;
02007852420248060121;
02043739520248060167;
02003706320258060167;
02755832520248060001;
02030967820248060091;
02008676920248060181;
02001600920258060071;
02007476820228060028;
02001425820248060059;
02061007820228060064;
02013982920228060084;
02010673920238060043;
02002096220248060143;
00535371820218060167;
02000439820258060109;
02018652020238060101;
05401952820008060001;
00088951320148060164;
02005963420248060125;
00102092320248060138;
01290949220198060001;
02006427720248060107;
02008593420248060168;
00554167520148060112;
02010327920238060043;
02005302220248060071;
02009724520228060107;
02072943220238060112;
02005253220248060028;
02000617320258060092;
00003912020188060215;
01828911720188060001;
00503133820208060028;
00088603920198060112;
02001081220228060073;
00003399720078060089;
00008098320088060028;
02509227920248060001;
00777782620088060001;
02005221420258060167;
07583717120008060001;
00079426320108060043;
02009512720248060163;
02310903120228060001;
00059941320158060140;
02004062720238060151;
00057244020168060144;
02012052220248060091;
00519965120218060101;
02057061920238060167;
02000624720248060107;
30003413820168060012;
02008431220228060084;
02055913220248060112;
02007518720238060055;
00010566720108060069;
00324131220098060001;
02010359720248060043;
00007019420198060181;
00515197620218060182;
02018789420228060055;
02004059820248060121;
00100937720118060136;
02050309020248060117;
02009251420248060168;
02010175220248060051;
00507995720218060070;
00866486520058060001;
02020438320248060084;
02004741020238060043;
02003485720248060161;
02010755020228060043;
02009610820238060163;
02324997620218060001;
00100466720258060151;
02061542620228060167;
00013630620008060058;
00108241320138060101;
02003734020248060074;
02000080320258060154;
00101215420238060094;
00701970620198060055;
00115565520128060092;
02002919120248060176;
02001016220258060122;
00103522920248060100;
00055080920058060001;
00149889420188060117;
00161693220168060043;
02001262620228060043;
02002789320248060111;
02004487720248060107;
00502150820218060161;
00048413020158060144;
01117509820198060001;
02030500620248060151;
00262572320008060001;
00047281320148060144;
02009964120248060095;
02002022320238060073;
00002088820188060202;
02003162920248060104;
03819805120008060001;
02244608520248060001;
02002901420238060121;
02002833420248060041;
02000157320258060128;
00033226220148060109;
02487657020238060001;
00028219020198060123;
02000316420238060106;
00506664520218060157;
02248156620228060001;
02018211620248060117;
02250665020238060001;
00080546420148060181;
00011647220088060035;
02006558020228060096;
00100305920258060169;
02004375320248060170;
00068955220158060181;
00101064820238060074;
00088981320138060128;
06057742020008060001;
02009293920238060151;
02656214620228060001;
00371823820248060001;
00059131120138060051;
02001757020238060160;
00008033920008060131;
02017886720248060071;
00078591520138060052;
02532891320238060001;
02001604020248060169;
02613408120218060001;
02008945220248060181;
00102989220168060181;
00100922120258060001;
02019930720238060112;
02811105520248060001;
00003778020158060202;
02000547920258060125;
02012621120248060133;
00101722920248060127;
02003305620228060177;
02035470320238060071;
00006008420188060151;
00137278920008060064;
02003343920248060043;
01632706820178060001;
00058994220138060143;
02003557820258060043;
01379779620178060001;
02002436820228060123;
02000382720238060051;
02007656320238060090;
02000129520258060168;
02005431520248060170;
02511327320008060001;
00349400920248060001;
02012612020238060114;
02022953620238060112;
00503258820218060134;
02012770220248060158;
00046322120188060091;
00098797620008060070;
00067577720178060161;
00506578420208060071;
02415228120008060001;
02024364720248060071;
02002811920238060035;
02005853620258060071;
00520874320218060069;
02029574320248060151;
02017824520248060173;
02748059420208060001;
00187184620008060117;
02007531520238060166;
00042605820138060120;
02028759520248060091;
00113332220248060112;
03915688220008060001;
02000850920228060092;
00510499020218060167;
02002700520248060051;
02010155520248060157;
00083356620168060143;
02055405520238060112;
02001565020228060176;
02013048220248060158;
00071071220118060182;
01751918720188060001;
00009849120198060125;
00096492720148060043;
02011424420248060043;
02018040620248060173;
02069721220238060112;
00236058620078060001;
06308123120238060000;
02001668120228060051;
01634415420198060001;
02017106020248060043;
02001844220238060092;
02049937820248060112;
02021696320238060151;
02001623820228060053;
00088203220168060122;
00002547720008060212;
00107914220248060164;
02657568720248060001;
02061727620248060167;
00044012520118060160;
00056962920178060050;
02000678020258060092;
02004392120248060106;
00068196220148060181;
02001196320248060043;
02001815820248060058;
01533105920158060001;
00091062920118060043;
00061276020128060140;
02002452120238060182;
00004757020128060202;
02006112820248060052;
02003616620238060169;
00502650820208060084;
00435133220078060001;
02008457920228060181;
02003853720248060112;
02035739320248060029;
02009967120228060043;
00004086220008060029;
02004347620238060124;
02016222320238060151;
00509329320208060051;
02442340920218060001;
02002247020258060151;
02008705620228060096;
00111264020118060092;
02003099820228060171;
00508721520208060086;
01869796920168060001;
00111452920248060112;
02012775720248060075;
02031666620238060112;
00008981120198060129;
00558662620158060001;
02005810720248060112;
00095761620118060090;
00038056220178060085;
00010154720198060114;
00387230920248060001;
02011817820248060160;
00131520220258060001;
02015015620238060163;
02000521320258060157;
02837579120228060001;
02001427120238060163;
02003536820228060058;
02008178520228060028;
00561384920208060064;
00566303320148060167;
02071921520248060293;
02009282420228060043;
02000382620258060158;
02010767320228060095;
00078787520158060173;
02008564920248060081;
05221707820118060001;
04806642520118060001;
00411764720138060167;
30008949720168060008;
02067224220248060112;
02011994920248060112;
02015486920248060171;
00635849520168060112;
02058883920248060112;
02011281320248060091;
02066379020238060112;
00083649120188060064;
02000305520258060059;
02026890920248060112;
00015082320188060158;
02007029420248060157;
02359172220218060001;
00050266220098060117;
00099978920058060001;
04869665620008060001;
00000163620158060211;
00385642920128060117;
00120987520178060164;
02002044920248060043;
02008886620258060001;
02009271320228060181;
00502792820208060169;
00982777920158060035;
01839232820168060001;
00102056720128060053;
02010943820238060167;
02004503220228060070;
02001564620228060145;
06147164120008060001;
00163729220168060075;
00008485320188060053;
02000198020258060041;
02077374620248060112;
02007048820228060107;
00134778920138060035;
03158671820008060001;
02072655320258060001;
02004016620248060087;
00147711620178060043;
02660931320238060001;
02017484620248060084;
00527517420218060069;
07169414220008060001;
00343356320248060001;
02577352520248060001;
02010790620228060070;
01742245220128060001;
00033289320128060059;
00103152320208060203;
02516748520238060001;
00016740220168060069;
02013097920238060113;
00702288320168060167;
02010596720228060182;
02046111420248060071;
02069051320248060112;
02017639120238060070;
02006318920248060158;
01816610320198060001;
02742983620208060001;
02006388420248060157;
00101638320248060057;
02004774520238060081;
00502997620218060171;
00014083720038060112;
00047816920158060140;
00507166820218060158;
02008752520258060112;
02000916520258060171;
00518994720218060167;
02004188920248060156;
02006793720238060173;
02078977120248060112;
02017026320238060158;
02000443220258060029;
02008111420248060059;
00033600620008060161;
02002271120248060070;
00100536220258060053;
00029834920008060027;
02014925120248060166;
02015827220238060173;
02001664520238060181;
00102602020228060133;
02800822720208060087;
00049047820188060167;
02050676420248060167;
00509538020208060112;
02006921220238060084;
00100432220258060084;
02586167020228060001;
02000506420258060053;
02010205920248060163;
00672994820168060112;
00079757320138060164;
00103341820248060032;
02019831320248060084;
00662482520088060001;
00041042120158060146;
02004470820248060038;
04245548920008060001;
00300823220248060001;
00141768720168060128;
02003281420238060125;
00005907920138060033;
00980386720158060070;
02000062720258060059;
02019704020248060043;
02006545620248060054;
00548144020218060112;
00152931320178060053;
02008265120248060101;
00106086120158060043;
00004816020008060182;
00051571620198060043;
00001657520138060187;
02045132920248060071;
02069510220248060112;
03825971120008060001;
00003018320088060143;
02000586920258060173;
00041622420128060083;
00105361920238060100;
00100525520248060104;
02003092420238060055;
02317993720208060001;
02005259320248060040;
02004119520238060168;
02022068720248060173;
00509547920208060075;
00069875520188060074;
02075061920248060112;
02597558620248060001;
02006525720248060096;
02001258820228060092;
00021489520078060001;
02004481020238060173;
02002492620238060031;
00111300220248060099;
00016889120118060123;
02046112220238060112;
02004452820248060106;
00034514320008060114;
02002689020228060120;
00037598820158060135;
02014449220248060166;
02003125720258060071;
04454262820008060001;
02000223620258060170;
00827986620068060001;
02015712720248060070;
02000764220258060092;
00008238020078060035;
00170735820178060062;
02017386220238060043;
00040302120058060112;
00507838720218060043;
02001272720248060112;
02004091720238060107;
02096114520238060001;
02009961920248060070;
02000950520258060171;
00507952320218060069;
02043618120248060167;
02066872720248060001;
00025041920058060112;
00500721420208060077;
02014139620248060158;
02069704220238060112;
01332217820168060001;
00510540320218060171;
06970859220008060001;
03729569620008060001;
08000401120248060051;
00113480720198060034;
02002066820248060059;
00500046920218060064;
02722275620238060001;
02025078620238060167;
00001075420148060214;
00159329520168060043;
00097041720168060169;
02008189020248060128;
02001922720258060293;
02001851320258060171;
00003908820188060068;
00519652720218060167;
00003976920198060028;
01115179820158060112;
00514936020218060091;
02006940620238060173;
01439943220098060001;
00142999720138060158;
02454336120248060001;
02005296920248060125;
00140007220168060043;
02859804620248060001;
00103356820238060151;
00105583220238060115;
00055795620098060167;
02000316120248060128;
02003844420258060071;
00516321220218060091;
02003534920248060074;
00109569820248060064;
00044127420168060129;
02005368720248060084;
02002712420248060169;
00074625520118060171;
00012917120198060181;
02004564320248060143;
02011161520228060173;
02054219420238060112;
00164058120168060043;
00000548020128060202;
00100384320248060178;
00010372820188060151;
00004355920048060173;
00003304920188060187;
02011725020228060043;
00618743520178060167;
00500934320218060145;
00101050720238060028;
02005227020238060171;
02679116320248060001;
02000373920258060094;
02002928820248060075;
02001586920258060158;
02003692020238060112;
02800094520218060176;
02016243020238060171;
02003440220248060070;
02007293220238060054;
00473881920168060090;
00006261420178060088;
00035847620078060070;
02838793620248060001;
02000087520248060109;
00068574320198060167;
00067145120158060181;
02006836620248060132;
02011562820248060043;
02052114320238060112;
04443540620008060001;
02007245920258060112;
02016624720248060158;
00023951720178060069;
00533276920208060112;
02005374520238060169;
00016715120158060079;
00025518320158060098;
00104666520248060100;
02019704120248060075;
02000378120248060059;
00100431920258060182;
00535562120218060071;
00082619120138060086;
00003466320188060070;
02615997120248060001;
00100027920258060173;
00104100520218060143;
00666740820068060001;
02018217820238060043;
00018834420008060032;
02001808820258060171;
00050049420188060082;
00046693020178060076;
02568978720218060001;
02054720320248060167;
00513045120218060166;
00091914120168060107;
02000256820258060112;
02009286620248060168;
00108416820078060001;
02005530420248060059;
02009230620228060171;
02001120820258060182;
00056381720168060032;
02669797520248060001;
04549816920008060001;
02000291020238060037;
00023353320188060029;
02001544220258060090;
02011266620248060051;
02004772820248060043;
00501653520148060158;
02261911920248060001;
00556440620218060112;
02004773220248060171;
02715981920228060001;
02005502420248060132;
02472410420248060001;
02000197420258060043;
02173487020218060001;
02002441720238060156;
02004972820228060095;
00058434920158060107;
02021022120238060112;
02005145120228060067;
02011610720248060122;
06128950220008060001;
02051992420248060167;
00504807420208060151;
01438574020158060001;
02015382120248060043;
02000541620248060028;
02087858220248060001;
02001297620238060097;
02004754820228060069;
00510848220218060124;
02002500420258060043;
00046542920008060053;
02002499820248060125;
02001926920218060001;
02004381320228060104;
03357322720008060001;
02002744620248060179;
00007864120008060183;
00004277820188060145;
00117143320128060053;
02005954120248060160;
02004344420238060070;
06519721820008060001;
02002477820238060056;
02002593120228060120;
02007378820238060157;
00102356520258060112;
02002372120258060070;
02004491320258060112;
02000275720258060041;
00101371320248060178;
00102717120218060040;
00117962620168060182;
00101122120118060092;
01245076120188060001;
02002398820258060167;
02000036820258060125;
02426339420238060001;
02001315220238060095;
02017502220238060158;
02000328420258060104;
02032859020248060112;
02005550820228060038;
02015196920248060122;
00357708220188060001;
02001099020248060084;
00178528920238060001;
01810854920158060001;
02790086020248060001;
05712239120128060001;
02028444520248060101;
01012584720198060001;
02007336920238060151;
02008462620248060171;
00322630620248060001;
02008956120238060055;
02001277020238060109;
01772123620188060001;
02000674620258060168;
00101469120248060107;
02020195520248060084;
00010450420118060069;
02028920520238060112;
02000336420258060041;
00000791920108060217;
02001645920228060133;
02003100720228060164;
02262239220228060001;
02005136120248060143;
00259804520188060043;
02000328620258060168;
02004106320248060140;
02002146520238060096;
02004759420238060107;
02002243820238060055;
00252870420168060117;
00094065920078060001;
02003185820228060107;
02005516120238060126;
00008135220198060120;
00982771120158060090;
01278385620158060001;
00100649120258060053;
02058461920248060167;
02010336420238060043;
02219319320248060001;
00133414520198060112;
02000681820258060043;
00123596820118060158;
02006649020248060122;
00132823320178060175;
01075913520078060001;
00061508020188060112;
00003306320058060071;
02001153520258060158;
02000140220258060092;
02351386220248060001;
00029359520198060101;
02005423220248060040;
02864842320228060001;
02059077420248060167;
02018851820248060055;
02015079620248060173;
00062818320158060169;
00101403920248060122;
00041389220058060001;
00019567520048060064;
02000967420238060101;
02005737820248060096;
03298291120008060001;
02655585020248060001;
00101064420238060043;
02000207020258060104;
02000615420258060066;
00342740820248060001;
00528238420218060029;
02003927620238060043;
01056039020188060001;
00003404820198060029;
00448473820068060001;
02039983620228060112;
00367172920248060001;
08773803620148060001;
00778351520068060001;
02566397720218060001;
02008312420248060182;
00507362920218060071;
01698806220118060001;
00019400820008060050;
02008033020248060126;
00035132920148060135;
02016514620248060084;
00576693120178060112;
02003763420238060040;
02003737420238060074;
02013353220248060052;
00632940620088060001;
02000123820248060166;
00506943520218060182;
00105824920238060151;
00561856820218060167;
02009845320248060054;
02008661820238060182;
00056701220188060142;
02011139120248060043;
00257384820008060001;
02033727320228060158;
00102334920118060092;
02023245220228060167;
04180766520008060001;
02072767420248060112;